1067631798,2026-08-24,116073
1074841707,2026-08-24,61304
1085097357,2026-08-24,23018
1085848794,2026-08-24,12267
1085907846,2026-08-24,20106
1087781345,2026-08-24,61879
1093279583,2026-08-24,27437
1093286611,2026-08-24,28077
1100284147,2026-08-24,204483
1107423111,2026-08-24,31472
1112740619,2026-08-24,23163
1121692237,2026-08-24,569116
1123086074,2026-08-24,31855
1126014321,2026-08-24,11636
1128927140,2026-08-24,18495
1129879777,2026-08-24,24047
1140780022,2026-08-24,14601
1144654097,2026-08-24,25521
1160316076,2026-08-24,9817
1170859543,2026-08-24,8388
1173995428,2026-08-24,23700
1180299890,2026-08-24,20956
1181575896,2026-08-24,16328
1199002146,2026-08-24,310740
1210945403,2026-08-24,15597
1215611424,2026-08-24,15090
1219847230,2026-08-24,32315
1223822935,2026-08-24,30206
1227620643,2026-08-24,178789
1230096820,2026-08-24,73889
1249001485,2026-08-24,11962
1255617173,2026-08-24,15494
1261141644,2026-08-24,45614
1279836097,2026-08-24,14278
1286356239,2026-08-24,14504
1294720127,2026-08-24,12268
1299739260,2026-08-24,5811
1302897684,2026-08-24,93972
1302967002,2026-08-24,8563
1302974986,2026-08-24,9263
1303807781,2026-08-24,11330
1310381862,2026-08-24,10116
1311725711,2026-08-24,185865
1315017527,2026-08-24,20348
1315030839,2026-08-24,14918
1316044027,2026-08-24,8991
1317022177,2026-08-24,10365
1319264195,2026-08-24,10272
1320989536,2026-08-24,26929
1321344591,2026-08-24,53189
1323750659,2026-08-24,9078
1324813584,2026-08-24,32678
1333526620,2026-08-24,64739
1340817672,2026-08-24,27476
1343811959,2026-08-24,40228
1346877266,2026-08-24,39728
1351268991,2026-08-24,18063
1351953375,2026-08-24,13717
1353547443,2026-08-24,42039
1355094979,2026-08-24,15808
1359700418,2026-08-24,24231
1360500017,2026-08-24,20388
1373224279,2026-08-24,13397
1374229669,2026-08-24,20637
1385175538,2026-08-24,9823
1386911531,2026-08-24,24473
1394094004,2026-08-24,11384
1395096076,2026-08-24,15304
1412637064,2026-08-24,9144
1414213153,2026-08-24,20990
1417984165,2026-08-24,11814
1419304439,2026-08-24,177116
1420427657,2026-08-24,14595
1440941890,2026-08-24,23168
1445668908,2026-08-24,8418
1455861246,2026-08-24,42895
1467714013,2026-08-24,11561
1468105710,2026-08-24,45288
1468136930,2026-08-24,30827
1481972266,2026-08-24,63891
1492025820,2026-08-24,19991
1504307690,2026-08-24,92442
1506078758,2026-08-24,81949
1506079443,2026-08-24,42542
1506079770,2026-08-24,20950
1506080933,2026-08-24,21525
1506081116,2026-08-24,22190
1506081421,2026-08-24,93800
1506083796,2026-08-24,42184
1506085043,2026-08-24,15003
1544526280,2026-08-24,8554
1566961776,2026-08-24,14436
1585106954,2026-08-24,16220
1586639570,2026-08-24,14792
1587178040,2026-08-24,93617
1588853224,2026-08-24,28339
1590362799,2026-08-24,31421
1591647610,2026-08-24,34986
1595876588,2026-08-24,354018
1607524900,2026-08-24,10430
1609801017,2026-08-24,13588
1610578060,2026-08-24,190810
1612679489,2026-08-24,7539
1613766846,2026-08-24,8688
1616934635,2026-08-24,11706
1617534169,2026-08-24,38264
1623423360,2026-08-24,1242996
1623423504,2026-08-24,144598
1627919748,2026-08-24,15206
1628912584,2026-08-24,180402
1629519297,2026-08-24,29494
1630649870,2026-08-24,119214
1631985204,2026-08-24,18651
1635709389,2026-08-24,87733
1641168812,2026-08-24,12088
1641807098,2026-08-24,53599
1647628520,2026-08-24,20890
1649338884,2026-08-24,15908
1649442597,2026-08-24,49677
1651768817,2026-08-24,16269
1653043481,2026-08-24,9422
1665106451,2026-08-24,18316
1688887083,2026-08-24,198615
1693982756,2026-08-24,41178
1712760331,2026-08-24,52791
1715190550,2026-08-24,80358
1720760712,2026-08-24,12470
1726290528,2026-08-24,24127
1732437279,2026-08-24,175713
1732447147,2026-08-24,190572
1740165239,2026-08-24,215222
1747099270,2026-08-24,210963
1747995732,2026-08-24,81619
1748517193,2026-08-24,8305
1761353630,2026-08-24,10276
1762062219,2026-08-24,7046
1777266185,2026-08-24,17128
1780481482,2026-08-24,143877
1780597499,2026-08-24,30951
1790861374,2026-08-24,13803
1793768254,2026-08-24,93385
1813104049,2026-08-24,7910
1813390120,2026-08-24,27821
1818025496,2026-08-24,68690
1828891972,2026-08-24,13907
1834433554,2026-08-24,34857
1836457943,2026-08-24,46296
1863514508,2026-08-24,34856
1866576239,2026-08-24,123032
1871684873,2026-08-24,18876
1873097578,2026-08-24,71021
1878473679,2026-08-24,244278
1878601358,2026-08-24,21817
1880071041,2026-08-24,43025
1885775216,2026-08-24,47025
1885791325,2026-08-24,8555
1886496498,2026-08-24,45197
1887282318,2026-08-24,133228
1890399946,2026-08-24,181406
1890873104,2026-08-24,21811
1899061789,2026-08-24,48594
1900830460,2026-08-24,36899
1915620447,2026-08-24,82331
1915625799,2026-08-24,22877
1918281610,2026-08-24,85898
1922397818,2026-08-24,14811
1923444292,2026-08-24,19532
1928831043,2026-08-24,88504
1934610438,2026-08-24,26337
1943060017,2026-08-24,12423
1944445511,2026-08-24,23297
1961723204,2026-08-24,38586
1962426321,2026-08-24,23806
1970249743,2026-08-24,187415
1988230377,2026-08-24,18693
1990646390,2026-08-24,7399
1993018111,2026-08-24,67269
1993869579,2026-08-24,98807
1995601384,2026-08-24,63185
1998204784,2026-08-24,78423
1999328266,2026-08-24,81260
2001695790,2026-08-24,19359
2008054135,2026-08-24,15911
2017870391,2026-08-24,13089
2017891552,2026-08-24,27805
2019845637,2026-08-24,14619
2019852305,2026-08-24,14549
2024528246,2026-08-24,33869
2025131190,2026-08-24,44575
2026330346,2026-08-24,9384
2026367756,2026-08-24,42884
2027001560,2026-08-24,9497
2027015321,2026-08-24,212865
2027051983,2026-08-24,43674
2028826064,2026-08-24,17133
2030472413,2026-08-24,57744
2032118923,2026-08-24,20652
2037107797,2026-08-24,13909
2038973356,2026-08-24,23476
2044599287,2026-08-24,28450
2047260446,2026-08-24,52292
2054717582,2026-08-24,17571
2058219282,2026-08-24,11985
2059474384,2026-08-24,20388
2060393654,2026-08-24,19480
2062843706,2026-08-24,18954
2062846721,2026-08-24,20817
2062849120,2026-08-24,24384
2066393985,2026-08-24,28736
2068768158,2026-08-24,30685
2070082709,2026-08-24,40664
2077186491,2026-08-24,197357
2079926133,2026-08-24,37380
2096162410,2026-08-24,38813
2097152337,2026-08-24,12100
2104495359,2026-08-24,19577
2104538771,2026-08-24,36456
2106506823,2026-08-24,7105
2116422940,2026-08-24,92168
2123646681,2026-08-24,20841
2130835957,2026-08-24,25363
2131014154,2026-08-24,267962
2145844864,2026-08-24,11642
2147847286,2026-08-24,20404
2148259818,2026-08-24,39669
2160610678,2026-08-24,20122
2174082869,2026-08-24,33645
2177145527,2026-08-24,15707
2178603631,2026-08-24,47249
2183551683,2026-08-24,33323
2184737698,2026-08-24,37077
2195523300,2026-08-24,69820
2202461067,2026-08-24,27545
2218335517,2026-08-24,21414
2219070393,2026-08-24,10528
2234187039,2026-08-24,47797
2244483797,2026-08-24,52355
2250100617,2026-08-24,28387
2257071139,2026-08-24,20997
2261313592,2026-08-24,30797
2268189539,2026-08-24,25026
2268843111,2026-08-24,24155
2280945168,2026-08-24,28143
2284514368,2026-08-24,153294
2288335512,2026-08-24,64237
2293169684,2026-08-24,22294
2293827000,2026-08-24,28001
2305790641,2026-08-24,27122
2306455054,2026-08-24,67002
2310933502,2026-08-24,13975
2354506714,2026-08-24,22142
2389164674,2026-08-24,24598
2389589691,2026-08-24,110095
2407436476,2026-08-24,129359
2409044128,2026-08-24,105298
2409209888,2026-08-24,222992
2409276081,2026-08-24,223173
2409550266,2026-08-24,10944
2411774658,2026-08-24,23481
2411818376,2026-08-24,258911
2417206619,2026-08-24,15428
2423471739,2026-08-24,50357
2434790082,2026-08-24,21345
2436408502,2026-08-24,16668
2436969913,2026-08-24,28746
2438313459,2026-08-24,185583
2441507863,2026-08-24,34910
2458024521,2026-08-24,43219
2458217640,2026-08-24,32071
2458588018,2026-08-24,14382
2458655721,2026-08-24,34922
2458656056,2026-08-24,69556
2458928927,2026-08-24,38901
2459872857,2026-08-24,25657
2461014769,2026-08-24,84350
2461999384,2026-08-24,35370
2466511041,2026-08-24,36587
2466607238,2026-08-24,307537
2475302050,2026-08-24,266681
2475617894,2026-08-24,107698
2476102240,2026-08-24,24684
2490492573,2026-08-24,19576
2494712590,2026-08-24,29732
2498990660,2026-08-24,10196
2502673650,2026-08-24,48544
2508704523,2026-08-24,16037
2512317259,2026-08-24,34383
2512980560,2026-08-24,30162
2514556383,2026-08-24,40101
2517213262,2026-08-24,41756
2520977707,2026-08-24,32256
2523234322,2026-08-24,15463
2529002857,2026-08-24,99636
2529105358,2026-08-24,37718
2548912050,2026-08-24,14708
2555609401,2026-08-24,120728
2558590111,2026-08-24,12320
2559962615,2026-08-24,23814
2571844795,2026-08-24,19844
2572843550,2026-08-24,57992
2574175110,2026-08-24,33377
2576362573,2026-08-24,31725
2579303396,2026-08-24,64006
2582937730,2026-08-24,77582
2583755721,2026-08-24,65100
2584338908,2026-08-24,39284
2598875789,2026-08-24,43249
2602025201,2026-08-24,21915
2603031001,2026-08-24,111078
2604778880,2026-08-24,36648
2607042792,2026-08-24,19131
2608299476,2026-08-24,33266
2608435724,2026-08-24,14554
2609450219,2026-08-24,9237
2614472081,2026-08-24,25010
2619478648,2026-08-24,15672
2620089636,2026-08-24,24410
2621840890,2026-08-24,22024
2622652746,2026-08-24,65192
2626285356,2026-08-24,35405
2627609414,2026-08-24,20410
2628611107,2026-08-24,12934
2631211703,2026-08-24,43108
2633444661,2026-08-24,49232
2635012115,2026-08-24,21023
2641256974,2026-08-24,78441
2645707091,2026-08-24,59469
2646410054,2026-08-24,27175
2648658105,2026-08-24,72788
2652578379,2026-08-24,25773
2653789292,2026-08-24,21366
2660548454,2026-08-24,140397
2667143039,2026-08-24,55673
2691024387,2026-08-24,56727
2710894758,2026-08-24,16827
2717193796,2026-08-24,45780
2719075597,2026-08-24,56207
2735054420,2026-08-24,37649
2737603165,2026-08-24,39721
2738038455,2026-08-24,46686
2748029219,2026-08-24,137681
2766998502,2026-08-24,29473
2770440127,2026-08-24,35713
2774388842,2026-08-24,19377
2774987343,2026-08-24,17287
2775968897,2026-08-24,78835
2776070504,2026-08-24,36217
2783854641,2026-08-24,28299
2785989313,2026-08-24,22421
2786268200,2026-08-24,19416
2786371128,2026-08-24,26745
2791119024,2026-08-24,50662
2797095333,2026-08-24,52515
2806903835,2026-08-24,31221
2807759164,2026-08-24,51821
2807778592,2026-08-24,45596
2809216375,2026-08-24,30793
2809332037,2026-08-24,40102
2809452753,2026-08-24,15408
2810064268,2026-08-24,26020
2811907627,2026-08-24,36403
2812860898,2026-08-24,168272
2812925242,2026-08-24,56111
2814586266,2026-08-24,74873
2815767345,2026-08-24,23621
2819720352,2026-08-24,60010
2820330517,2026-08-24,24682
2822984099,2026-08-24,22851
2822984175,2026-08-24,22751
2825985873,2026-08-24,38496
2825986399,2026-08-24,27790
2829069506,2026-08-24,46434
2829069669,2026-08-24,33298
2830366252,2026-08-24,48166
2830996776,2026-08-24,34090
2831177989,2026-08-24,25255
2831178263,2026-08-24,22521
2837700978,2026-08-24,32139
2865408972,2026-08-24,28214
2871620925,2026-08-24,21526
2871980758,2026-08-24,23371
2874137992,2026-08-24,37147
2878075116,2026-08-24,26604
2885244355,2026-08-24,35522
2888119865,2026-08-24,47381
2897254807,2026-08-24,32619
2897373654,2026-08-24,24997
2902512011,2026-08-24,30314
2914220019,2026-08-24,21969
2919428234,2026-08-24,21250
2942679675,2026-08-24,24936
2948301103,2026-08-24,91327
2950661639,2026-08-24,20408
2951466817,2026-08-24,22614
2951652477,2026-08-24,27495
2956750503,2026-08-24,35828
2958421797,2026-08-24,23384
2960317218,2026-08-24,22566
2960574667,2026-08-24,24056
2976454692,2026-08-24,61455
2976527288,2026-08-24,114928
2976573664,2026-08-24,28234
2990642419,2026-08-24,46147
2994821528,2026-08-24,45597
3002188516,2026-08-24,126685
3032768344,2026-08-24,43227
3062038863,2026-08-24,51770
3065245398,2026-08-24,22276
3067902147,2026-08-24,64315
3079374348,2026-08-24,50706
3082164342,2026-08-24,60919
3086143878,2026-08-24,155232
3086154149,2026-08-24,88821
3090328185,2026-08-24,79340
3099975582,2026-08-24,43908
3142294658,2026-08-24,66952
3153706012,2026-08-24,110262
3173239930,2026-08-24,66138
3173319652,2026-08-24,27032
3181487775,2026-08-24,46545
3193699928,2026-08-24,32899
3195070547,2026-08-24,39057
3241119393,2026-08-24,90757
3243319558,2026-08-24,39431
3243731913,2026-08-24,29900
3245080043,2026-08-24,33237
3250900527,2026-08-24,35999
3330088804,2026-08-24,42918
3339549399,2026-08-24,32107
3359568450,2026-08-24,55512
3361978004,2026-08-24,27398
3385530791,2026-08-24,29712
3393552523,2026-08-24,35379
3405506592,2026-08-24,34019
3481775336,2026-08-24,41783
3482538734,2026-08-24,44666
3482693757,2026-08-24,35549
3491116708,2026-08-24,39201
3538765396,2026-08-24,36692
3575236236,2026-08-24,49574
681481647,2026-08-24,12608
681553348,2026-08-24,21263
681576508,2026-08-24,118978
681787759,2026-08-24,19047
681802702,2026-08-24,20023
681803404,2026-08-24,63714
681816257,2026-08-24,25399
682090850,2026-08-24,130464
682165224,2026-08-24,102358
682190594,2026-08-24,13468
682691478,2026-08-24,80185
682776251,2026-08-24,41677
682851228,2026-08-24,45145
683121431,2026-08-24,14720
683175110,2026-08-24,17871
683230077,2026-08-24,412087
683328031,2026-08-24,12432
683409704,2026-08-24,74211
683594024,2026-08-24,20360
684454645,2026-08-24,18488
684509615,2026-08-24,288785
685413774,2026-08-24,47782
686276531,2026-08-24,44437
686666244,2026-08-24,24615
686764629,2026-08-24,12465
686768193,2026-08-24,29261
687037851,2026-08-24,96853
687226658,2026-08-24,65523
687882799,2026-08-24,9485
688086068,2026-08-24,134770
688576380,2026-08-24,11792
689601294,2026-08-24,12470
690350384,2026-08-24,29264
691008512,2026-08-24,29164
692028161,2026-08-24,119685
692253918,2026-08-24,16052
692492543,2026-08-24,71894
693402022,2026-08-24,27316
693447055,2026-08-24,53078
695288963,2026-08-24,12907
696649459,2026-08-24,10129
696905076,2026-08-24,10770
697938908,2026-08-24,287694
701432146,2026-08-24,60723
701739734,2026-08-24,51032
703156866,2026-08-24,64804
707297106,2026-08-24,13881
708669421,2026-08-24,12999
710345134,2026-08-24,13816
711413459,2026-08-24,9374
711825958,2026-08-24,15785
717060367,2026-08-24,16990
718529178,2026-08-24,10557
719712462,2026-08-24,8143
720237457,2026-08-24,84464
721416416,2026-08-24,14308
723219794,2026-08-24,16334
725596168,2026-08-24,16600
727000451,2026-08-24,387148
731621473,2026-08-24,12674
734129025,2026-08-24,59541
734362182,2026-08-24,37252
739477966,2026-08-24,16021
741194923,2026-08-24,63969
741930256,2026-08-24,81218
750263062,2026-08-24,32966
751394361,2026-08-24,97726
760594284,2026-08-24,11503
765938943,2026-08-24,66849
768131386,2026-08-24,34596
774130053,2026-08-24,14914
775122094,2026-08-24,19736
775944333,2026-08-24,61917
776095610,2026-08-24,12079
784249404,2026-08-24,16160
785299768,2026-08-24,31247
790903721,2026-08-24,48526
791049007,2026-08-24,29510
792636965,2026-08-24,41797
796529957,2026-08-24,47350
796547578,2026-08-24,11011
799999383,2026-08-24,12617
803491311,2026-08-24,8987
803681792,2026-08-24,18243
804293993,2026-08-24,27619
804732593,2026-08-24,9789
810204739,2026-08-24,46305
810929902,2026-08-24,8386
814332008,2026-08-24,36939
815380349,2026-08-24,11644
819007550,2026-08-24,45830
819148835,2026-08-24,507894
822305739,2026-08-24,18641
825050563,2026-08-24,24949
828731704,2026-08-24,90340
830391521,2026-08-24,23762
840482374,2026-08-24,34473
844630489,2026-08-24,40487
850142603,2026-08-24,14179
850721710,2026-08-24,22456
852005580,2026-08-24,12461
855097786,2026-08-24,29668
861800679,2026-08-24,10612
864541681,2026-08-24,28656
865040033,2026-08-24,272367
872596925,2026-08-24,14636
873063455,2026-08-24,12493
876504304,2026-08-24,17236
878598475,2026-08-24,24885
881118424,2026-08-24,9796
886734961,2026-08-24,9385
899653076,2026-08-24,20207
899795759,2026-08-24,12146
899929086,2026-08-24,19017
901039859,2026-08-24,13763
901614896,2026-08-24,21316
902204150,2026-08-24,9314
902204956,2026-08-24,147423
902526212,2026-08-24,18806
903007094,2026-08-24,20133
904956708,2026-08-24,45075
906953618,2026-08-24,16458
908639878,2026-08-24,27151
909268717,2026-08-24,15018
909670231,2026-08-24,19934
910355834,2026-08-24,9070
910576007,2026-08-24,10935
910751973,2026-08-24,27055
914872677,2026-08-24,10205
915432220,2026-08-24,56973
922893821,2026-08-24,16604
924990631,2026-08-24,100931
937289339,2026-08-24,437585
943263656,2026-08-24,9661
946222466,2026-08-24,141950
948883955,2026-08-24,27867
953888861,2026-08-24,16614
1067631798,2026-08-25,116009
1074841707,2026-08-25,61329
1085097357,2026-08-25,23030
1085848794,2026-08-25,12263
1085907846,2026-08-25,20119
1087781345,2026-08-25,61902
1093279583,2026-08-25,27432
1093286611,2026-08-25,28066
1100284147,2026-08-25,204425
1107423111,2026-08-25,31457
1112740619,2026-08-25,23177
1121692237,2026-08-25,568747
1123086074,2026-08-25,31863
1128927140,2026-08-25,18505
1129879777,2026-08-25,24039
1140780022,2026-08-25,14598
1144654097,2026-08-25,25524
1173995428,2026-08-25,23708
1181575896,2026-08-25,16324
1199002146,2026-08-25,310543
1210945403,2026-08-25,15598
1219847230,2026-08-25,32324
1223822935,2026-08-25,30233
1227620643,2026-08-25,178820
1230096820,2026-08-25,73916
1255617173,2026-08-25,15486
1261141644,2026-08-25,45627
1286356239,2026-08-25,14526
1294720127,2026-08-25,12263
1302897684,2026-08-25,94014
1302967002,2026-08-25,8560
1302974986,2026-08-25,9262
1311725711,2026-08-25,185729
1315017527,2026-08-25,20342
1316044027,2026-08-25,8989
1317022177,2026-08-25,10360
1320989536,2026-08-25,26948
1321344591,2026-08-25,53180
1323750659,2026-08-25,9076
1324813584,2026-08-25,32700
1333526620,2026-08-25,64708
1340817672,2026-08-25,27487
1343811959,2026-08-25,40236
1346877266,2026-08-25,39763
1351268991,2026-08-25,18059
1351953375,2026-08-25,13713
1353547443,2026-08-25,42029
1355094979,2026-08-25,15786
1359700418,2026-08-25,24215
1360500017,2026-08-25,20380
1373224279,2026-08-25,13396
1374229669,2026-08-25,20614
1386911531,2026-08-25,24462
1395096076,2026-08-25,15299
1414213153,2026-08-25,21002
1419304439,2026-08-25,176962
1440941890,2026-08-25,23194
1455861246,2026-08-25,42937
1468105710,2026-08-25,45297
1468136930,2026-08-25,30819
1481972266,2026-08-25,63899
1492025820,2026-08-25,19982
1504307690,2026-08-25,92403
1506078758,2026-08-25,81973
1506079443,2026-08-25,42549
1506079770,2026-08-25,20939
1506080933,2026-08-25,21514
1506081116,2026-08-25,22179
1506081421,2026-08-25,93850
1506083796,2026-08-25,42208
1566961776,2026-08-25,14429
1585106954,2026-08-25,16216
1586639570,2026-08-25,14797
1587178040,2026-08-25,93717
1588853224,2026-08-25,28350
1590362799,2026-08-25,31433
1591647610,2026-08-25,35005
1595876588,2026-08-25,353882
1607524900,2026-08-25,10421
1609801017,2026-08-25,13578
1610578060,2026-08-25,190904
1613766846,2026-08-25,8685
1616934635,2026-08-25,11699
1617534169,2026-08-25,38287
1623423360,2026-08-25,1242219
1623423504,2026-08-25,144510
1627919748,2026-08-25,15199
1628912584,2026-08-25,180234
1629519297,2026-08-25,29519
1630649870,2026-08-25,119365
1631985204,2026-08-25,18661
1635709389,2026-08-25,87708
1641807098,2026-08-25,53614
1647628520,2026-08-25,20907
1649338884,2026-08-25,15890
1649442597,2026-08-25,49636
1653043481,2026-08-25,9416
1688887083,2026-08-25,198616
1693982756,2026-08-25,41219
1712760331,2026-08-25,52831
1715190550,2026-08-25,80413
1720760712,2026-08-25,12459
1726290528,2026-08-25,24086
1732437279,2026-08-25,175610
1732447147,2026-08-25,190516
1740165239,2026-08-25,215186
1747099270,2026-08-25,210928
1747995732,2026-08-25,81609
1777266185,2026-08-25,17120
1780481482,2026-08-25,143792
1780597499,2026-08-25,30918
1790861374,2026-08-25,13793
1793768254,2026-08-25,93379
1813390120,2026-08-25,27850
1818025496,2026-08-25,68695
1834433554,2026-08-25,34843
1836457943,2026-08-25,46343
1863514508,2026-08-25,34894
1866576239,2026-08-25,123007
1873097578,2026-08-25,70978
1878473679,2026-08-25,244185
1878601358,2026-08-25,21829
1880071041,2026-08-25,42978
1885775216,2026-08-25,47055
1886496498,2026-08-25,45205
1887282318,2026-08-25,133126
1890399946,2026-08-25,181343
1899061789,2026-08-25,48617
1900830460,2026-08-25,36910
1915620447,2026-08-25,82263
1915625799,2026-08-25,22893
1918281610,2026-08-25,85836
1922397818,2026-08-25,14805
1923444292,2026-08-25,19528
1928831043,2026-08-25,88581
1934610438,2026-08-25,26332
1943060017,2026-08-25,12419
1944445511,2026-08-25,23302
1961723204,2026-08-25,38595
1962426321,2026-08-25,23806
1970249743,2026-08-25,187414
1993018111,2026-08-25,67216
1993869579,2026-08-25,98886
1995601384,2026-08-25,63294
1998204784,2026-08-25,78480
1999328266,2026-08-25,81329
2001695790,2026-08-25,19353
2017870391,2026-08-25,13078
2017891552,2026-08-25,27828
2019845637,2026-08-25,14616
2019852305,2026-08-25,14550
2024528246,2026-08-25,33892
2025131190,2026-08-25,44527
2026367756,2026-08-25,42907
2027015321,2026-08-25,212870
2027051983,2026-08-25,43670
2028826064,2026-08-25,17107
2030472413,2026-08-25,57789
2032118923,2026-08-25,20642
2038973356,2026-08-25,23455
2044599287,2026-08-25,28474
2047260446,2026-08-25,52307
2054717582,2026-08-25,17554
2058219282,2026-08-25,11988
2059474384,2026-08-25,20372
2060393654,2026-08-25,19468
2062843706,2026-08-25,18935
2062846721,2026-08-25,20790
2062849120,2026-08-25,24404
2066393985,2026-08-25,28747
2068768158,2026-08-25,30688
2070082709,2026-08-25,40709
2077186491,2026-08-25,197459
2079926133,2026-08-25,37390
2096162410,2026-08-25,38860
2104495359,2026-08-25,19558
2104538771,2026-08-25,36465
2116422940,2026-08-25,92181
2123646681,2026-08-25,20830
2130835957,2026-08-25,25345
2131014154,2026-08-25,267794
2147847286,2026-08-25,20396
2148259818,2026-08-25,39657
2160610678,2026-08-25,20125
2174082869,2026-08-25,33678
2178603631,2026-08-25,47182
2183551683,2026-08-25,33302
2184737698,2026-08-25,37158
2195523300,2026-08-25,69861
2202461067,2026-08-25,27567
2218335517,2026-08-25,21403
2234187039,2026-08-25,47820
2244483797,2026-08-25,52403
2257071139,2026-08-25,20995
2261313592,2026-08-25,30790
2268189539,2026-08-25,24995
2268843111,2026-08-25,24173
2280945168,2026-08-25,28186
2284514368,2026-08-25,153229
2288335512,2026-08-25,64183
2293169684,2026-08-25,22288
2293827000,2026-08-25,28031
2305790641,2026-08-25,27092
2306455054,2026-08-25,66987
2354506714,2026-08-25,22136
2389164674,2026-08-25,24589
2389589691,2026-08-25,110045
2407436476,2026-08-25,129269
2409044128,2026-08-25,105211
2409209888,2026-08-25,222821
2409276081,2026-08-25,222940
2409550266,2026-08-25,10950
2411774658,2026-08-25,23528
2411818376,2026-08-25,258813
2417206619,2026-08-25,15408
2423471739,2026-08-25,50328
2434790082,2026-08-25,21348
2436408502,2026-08-25,16664
2436969913,2026-08-25,28765
2438313459,2026-08-25,185518
2441507863,2026-08-25,34947
2458024521,2026-08-25,43268
2458217640,2026-08-25,32093
2458588018,2026-08-25,14378
2458655721,2026-08-25,34937
2458656056,2026-08-25,69459
2458928927,2026-08-25,38905
2459872857,2026-08-25,25686
2461014769,2026-08-25,84346
2461999384,2026-08-25,35376
2466511041,2026-08-25,36598
2466607238,2026-08-25,307319
2475302050,2026-08-25,266432
2475617894,2026-08-25,107602
2476102240,2026-08-25,24668
2490492573,2026-08-25,19568
2494712590,2026-08-25,29768
2502673650,2026-08-25,48571
2508704523,2026-08-25,16016
2512980560,2026-08-25,30144
2514556383,2026-08-25,40069
2517213262,2026-08-25,41730
2520977707,2026-08-25,32292
2523234322,2026-08-25,15455
2529002857,2026-08-25,99726
2529105358,2026-08-25,37736
2548912050,2026-08-25,14701
2555609401,2026-08-25,120804
2558590111,2026-08-25,12312
2559962615,2026-08-25,23832
2571844795,2026-08-25,19867
2572843550,2026-08-25,58008
2574175110,2026-08-25,33367
2576362573,2026-08-25,31743
2579303396,2026-08-25,64046
2582937730,2026-08-25,77487
2583755721,2026-08-25,65227
2584338908,2026-08-25,39284
2598875789,2026-08-25,43273
2602025201,2026-08-25,21889
2603031001,2026-08-25,111106
2604778880,2026-08-25,36646
2608299476,2026-08-25,33262
2614472081,2026-08-25,25018
2619478648,2026-08-25,15678
2620089636,2026-08-25,24422
2622652746,2026-08-25,65139
2626285356,2026-08-25,35358
2627609414,2026-08-25,20383
2631211703,2026-08-25,43148
2633444661,2026-08-25,49153
2635012115,2026-08-25,21004
2641256974,2026-08-25,78394
2645707091,2026-08-25,59522
2646410054,2026-08-25,27166
2648658105,2026-08-25,72661
2652578379,2026-08-25,25791
2660548454,2026-08-25,140308
2667143039,2026-08-25,55629
2691024387,2026-08-25,56649
2717193796,2026-08-25,45854
2719075597,2026-08-25,56134
2735054420,2026-08-25,37649
2737603165,2026-08-25,39757
2738038455,2026-08-25,46730
2748029219,2026-08-25,137617
2766998502,2026-08-25,29511
2770440127,2026-08-25,35682
2774388842,2026-08-25,19355
2774987343,2026-08-25,17294
2775968897,2026-08-25,78734
2776070504,2026-08-25,36261
2783854641,2026-08-25,28327
2785989313,2026-08-25,22394
2786268200,2026-08-25,19395
2786371128,2026-08-25,26716
2791119024,2026-08-25,50681
2797095333,2026-08-25,52549
2806903835,2026-08-25,31271
2807759164,2026-08-25,51918
2807778592,2026-08-25,45719
2809216375,2026-08-25,30801
2809332037,2026-08-25,40090
2810064268,2026-08-25,26017
2811907627,2026-08-25,36415
2812860898,2026-08-25,168046
2812925242,2026-08-25,56061
2814586266,2026-08-25,74896
2819720352,2026-08-25,59952
2822984175,2026-08-25,22755
2825985873,2026-08-25,38495
2825986399,2026-08-25,27804
2829069506,2026-08-25,46432
2829069669,2026-08-25,33313
2830366252,2026-08-25,48228
2830996776,2026-08-25,34139
2837700978,2026-08-25,32113
2874137992,2026-08-25,37145
2878075116,2026-08-25,26631
2885244355,2026-08-25,35527
2888119865,2026-08-25,47430
2897254807,2026-08-25,32598
2897373654,2026-08-25,24990
2902512011,2026-08-25,30270
2914220019,2026-08-25,21911
2948301103,2026-08-25,91303
2956750503,2026-08-25,35848
2976454692,2026-08-25,61417
2976527288,2026-08-25,114793
2976573664,2026-08-25,28222
2990642419,2026-08-25,46155
2994821528,2026-08-25,45616
3002188516,2026-08-25,126475
3032768344,2026-08-25,43293
3062038863,2026-08-25,51924
3067902147,2026-08-25,64188
3079374348,2026-08-25,50873
3082164342,2026-08-25,60845
3086143878,2026-08-25,154825
3086154149,2026-08-25,88464
3090328185,2026-08-25,79140
3099975582,2026-08-25,43920
3142294658,2026-08-25,66859
3153706012,2026-08-25,110100
3173239930,2026-08-25,66035
3181487775,2026-08-25,46511
3193699928,2026-08-25,32850
3195070547,2026-08-25,39034
3241119393,2026-08-25,90631
3245080043,2026-08-25,33238
3250900527,2026-08-25,36004
3330088804,2026-08-25,42980
3359568450,2026-08-25,55825
3393552523,2026-08-25,35450
3405506592,2026-08-25,34007
3481775336,2026-08-25,41872
3482538734,2026-08-25,44744
3482693757,2026-08-25,35610
3491116708,2026-08-25,39307
3575236236,2026-08-25,49754
681553348,2026-08-25,21276
681576508,2026-08-25,118992
681787759,2026-08-25,19055
681802702,2026-08-25,20017
681803404,2026-08-25,63720
681816257,2026-08-25,25407
682090850,2026-08-25,130485
682165224,2026-08-25,102403
682691478,2026-08-25,80187
682776251,2026-08-25,41681
682851228,2026-08-25,45206
683121431,2026-08-25,14716
683175110,2026-08-25,17881
683230077,2026-08-25,411957
683409704,2026-08-25,74233
684454645,2026-08-25,18489
684509615,2026-08-25,288921
685413774,2026-08-25,47792
686276531,2026-08-25,44458
686666244,2026-08-25,24606
686764629,2026-08-25,12463
686768193,2026-08-25,29266
687037851,2026-08-25,96877
687226658,2026-08-25,65522
688086068,2026-08-25,134779
688576380,2026-08-25,11788
690350384,2026-08-25,29286
691008512,2026-08-25,29183
692028161,2026-08-25,119720
692253918,2026-08-25,16037
692492543,2026-08-25,71897
693402022,2026-08-25,27320
693447055,2026-08-25,53098
696905076,2026-08-25,10768
697938908,2026-08-25,287669
701432146,2026-08-25,60691
701739734,2026-08-25,51041
703156866,2026-08-25,64769
707297106,2026-08-25,13868
708669421,2026-08-25,12995
711413459,2026-08-25,9367
711825958,2026-08-25,15777
718529178,2026-08-25,10551
720237457,2026-08-25,84495
721416416,2026-08-25,14303
723219794,2026-08-25,16340
725596168,2026-08-25,16604
727000451,2026-08-25,386996
731621473,2026-08-25,12673
734129025,2026-08-25,59560
734362182,2026-08-25,37270
739477966,2026-08-25,16031
741194923,2026-08-25,63998
741930256,2026-08-25,81249
750263062,2026-08-25,32980
751394361,2026-08-25,97744
765938943,2026-08-25,66884
768131386,2026-08-25,34612
774130053,2026-08-25,14905
775122094,2026-08-25,19731
775944333,2026-08-25,61947
776095610,2026-08-25,12075
784249404,2026-08-25,16156
785299768,2026-08-25,31259
790903721,2026-08-25,48555
791049007,2026-08-25,29522
792636965,2026-08-25,41791
796529957,2026-08-25,47371
799999383,2026-08-25,12611
803491311,2026-08-25,8984
803681792,2026-08-25,18252
804293993,2026-08-25,27633
804732593,2026-08-25,9783
810204739,2026-08-25,46330
814332008,2026-08-25,36974
815380349,2026-08-25,11637
819007550,2026-08-25,45856
819148835,2026-08-25,507697
822305739,2026-08-25,18650
828731704,2026-08-25,90357
830391521,2026-08-25,23775
840482374,2026-08-25,34481
844630489,2026-08-25,40501
850142603,2026-08-25,14172
850721710,2026-08-25,22483
852005580,2026-08-25,12457
855097786,2026-08-25,29683
861800679,2026-08-25,10612
864541681,2026-08-25,28679
865040033,2026-08-25,272272
872596925,2026-08-25,14631
876504304,2026-08-25,17239
878598475,2026-08-25,24899
899653076,2026-08-25,20194
899795759,2026-08-25,12138
899929086,2026-08-25,19005
901039859,2026-08-25,13753
901614896,2026-08-25,21326
902204150,2026-08-25,9313
902204956,2026-08-25,147464
902526212,2026-08-25,18808
903007094,2026-08-25,20139
904956708,2026-08-25,45094
906953618,2026-08-25,16451
908639878,2026-08-25,27168
909670231,2026-08-25,19917
910355834,2026-08-25,9067
910576007,2026-08-25,10936
910751973,2026-08-25,27100
914872677,2026-08-25,10202
915432220,2026-08-25,56985
922893821,2026-08-25,16591
924990631,2026-08-25,100997
937289339,2026-08-25,437311
946222466,2026-08-25,141876
948883955,2026-08-25,27878
953888861,2026-08-25,16597
1067631798,2026-08-26,116070
1074841707,2026-08-26,61294
1085097357,2026-08-26,23008
1085848794,2026-08-26,12263
1085907846,2026-08-26,20099
1087781345,2026-08-26,61876
1093279583,2026-08-26,27432
1093286611,2026-08-26,28066
1100284147,2026-08-26,204553
1107423111,2026-08-26,31457
1112740619,2026-08-26,23153
1121692237,2026-08-26,569233
1123086074,2026-08-26,31854
1128927140,2026-08-26,18490
1129879777,2026-08-26,24039
1140780022,2026-08-26,14598
1144654097,2026-08-26,25507
1173995428,2026-08-26,23696
1180299890,2026-08-26,20956
1181575896,2026-08-26,16324
1199002146,2026-08-26,310808
1210945403,2026-08-26,15598
1219847230,2026-08-26,32310
1223822935,2026-08-26,30202
1227620643,2026-08-26,178769
1230096820,2026-08-26,73861
1255617173,2026-08-26,15486
1261141644,2026-08-26,45606
1279836097,2026-08-26,14278
1286356239,2026-08-26,14526
1294720127,2026-08-26,12263
1302897684,2026-08-26,93957
1302967002,2026-08-26,8560
1302974986,2026-08-26,9262
1303807781,2026-08-26,11330
1311725711,2026-08-26,185878
1315017527,2026-08-26,20342
1315030839,2026-08-26,14918
1316044027,2026-08-26,8989
1317022177,2026-08-26,10360
1320989536,2026-08-26,26920
1321344591,2026-08-26,53187
1323750659,2026-08-26,9076
1324813584,2026-08-26,32673
1333526620,2026-08-26,64733
1340817672,2026-08-26,27476
1343811959,2026-08-26,40225
1346877266,2026-08-26,39724
1351268991,2026-08-26,18059
1351953375,2026-08-26,13713
1353547443,2026-08-26,42028
1355094979,2026-08-26,15786
1359700418,2026-08-26,24215
1360500017,2026-08-26,20380
1373224279,2026-08-26,13396
1374229669,2026-08-26,20614
1386911531,2026-08-26,24465
1395096076,2026-08-26,15299
1412637064,2026-08-26,9144
1414213153,2026-08-26,20978
1417984165,2026-08-26,11814
1419304439,2026-08-26,177168
1420427657,2026-08-26,14595
1440941890,2026-08-26,23156
1455861246,2026-08-26,42882
1467714013,2026-08-26,11561
1468105710,2026-08-26,45294
1468136930,2026-08-26,30819
1481972266,2026-08-26,63885
1492025820,2026-08-26,19982
1504307690,2026-08-26,92470
1506078758,2026-08-26,81937
1506079443,2026-08-26,42544
1506079770,2026-08-26,20939
1506080933,2026-08-26,21514
1506081116,2026-08-26,22179
1506081421,2026-08-26,93783
1506083796,2026-08-26,42179
1544526280,2026-08-26,8554
1566961776,2026-08-26,14429
1585106954,2026-08-26,16216
1586639570,2026-08-26,14790
1587178040,2026-08-26,93585
1588853224,2026-08-26,28332
1590362799,2026-08-26,31414
1591647610,2026-08-26,34980
1595876588,2026-08-26,354094
1607524900,2026-08-26,10421
1609801017,2026-08-26,13578
1610578060,2026-08-26,190783
1613766846,2026-08-26,8685
1616934635,2026-08-26,11699
1617534169,2026-08-26,38261
1623423360,2026-08-26,1243317
1623423504,2026-08-26,144629
1627919748,2026-08-26,15199
1628912584,2026-08-26,180452
1629519297,2026-08-26,29487
1630649870,2026-08-26,119151
1631985204,2026-08-26,18661
1635709389,2026-08-26,87765
1641168812,2026-08-26,12088
1641807098,2026-08-26,53595
1647628520,2026-08-26,20882
1649338884,2026-08-26,15890
1649442597,2026-08-26,49680
1651768817,2026-08-26,16269
1653043481,2026-08-26,9416
1688887083,2026-08-26,198610
1693982756,2026-08-26,41165
1712760331,2026-08-26,52774
1715190550,2026-08-26,80332
1720760712,2026-08-26,12459
1726290528,2026-08-26,24086
1732437279,2026-08-26,175747
1732447147,2026-08-26,190612
1740165239,2026-08-26,215257
1747099270,2026-08-26,211012
1747995732,2026-08-26,81597
1777266185,2026-08-26,17120
1780481482,2026-08-26,143912
1780597499,2026-08-26,30918
1790861374,2026-08-26,13793
1793768254,2026-08-26,93410
1813390120,2026-08-26,27811
1818025496,2026-08-26,68681
1828891972,2026-08-26,13907
1834433554,2026-08-26,34860
1836457943,2026-08-26,46284
1863514508,2026-08-26,34854
1866576239,2026-08-26,123040
1873097578,2026-08-26,71054
1878473679,2026-08-26,244311
1878601358,2026-08-26,21806
1880071041,2026-08-26,43035
1885775216,2026-08-26,47013
1885791325,2026-08-26,8555
1886496498,2026-08-26,45205
1887282318,2026-08-26,133273
1890399946,2026-08-26,181449
1899061789,2026-08-26,48578
1900830460,2026-08-26,36893
1915620447,2026-08-26,82386
1915625799,2026-08-26,22874
1918281610,2026-08-26,85945
1922397818,2026-08-26,14805
1923444292,2026-08-26,19528
1928831043,2026-08-26,88473
1934610438,2026-08-26,26332
1943060017,2026-08-26,12419
1944445511,2026-08-26,23290
1961723204,2026-08-26,38590
1962426321,2026-08-26,23798
1970249743,2026-08-26,187427
1988230377,2026-08-26,18693
1990646390,2026-08-26,7399
1993018111,2026-08-26,67284
1993869579,2026-08-26,98770
1995601384,2026-08-26,63155
1998204784,2026-08-26,78382
1999328266,2026-08-26,81234
2001695790,2026-08-26,19353
2017870391,2026-08-26,13078
2017891552,2026-08-26,27795
2019845637,2026-08-26,14616
2019852305,2026-08-26,14550
2024528246,2026-08-26,33862
2025131190,2026-08-26,44569
2026330346,2026-08-26,9384
2026367756,2026-08-26,42893
2027015321,2026-08-26,212904
2027051983,2026-08-26,43672
2028826064,2026-08-26,17107
2030472413,2026-08-26,57726
2032118923,2026-08-26,20642
2037107797,2026-08-26,13909
2038973356,2026-08-26,23455
2044599287,2026-08-26,28438
2047260446,2026-08-26,52288
2054717582,2026-08-26,17554
2058219282,2026-08-26,11988
2059474384,2026-08-26,20372
2060393654,2026-08-26,19468
2062843706,2026-08-26,18935
2062846721,2026-08-26,20790
2062849120,2026-08-26,24367
2066393985,2026-08-26,28732
2068768158,2026-08-26,30703
2070082709,2026-08-26,40654
2077186491,2026-08-26,197324
2079926133,2026-08-26,37363
2096162410,2026-08-26,38786
2097152337,2026-08-26,12100
2104495359,2026-08-26,19558
2104538771,2026-08-26,36465
2116422940,2026-08-26,92173
2123646681,2026-08-26,20830
2130835957,2026-08-26,25345
2131014154,2026-08-26,268018
2147847286,2026-08-26,20396
2148259818,2026-08-26,39673
2160610678,2026-08-26,20127
2174082869,2026-08-26,33634
2178603631,2026-08-26,47290
2183551683,2026-08-26,33304
2184737698,2026-08-26,37158
2195523300,2026-08-26,69803
2202461067,2026-08-26,27535
2218335517,2026-08-26,21403
2219070393,2026-08-26,10528
2234187039,2026-08-26,47798
2244483797,2026-08-26,52353
2250100617,2026-08-26,28387
2257071139,2026-08-26,20995
2261313592,2026-08-26,30790
2268189539,2026-08-26,24995
2268843111,2026-08-26,24173
2280945168,2026-08-26,28186
2284514368,2026-08-26,153330
2288335512,2026-08-26,64274
2293169684,2026-08-26,22288
2293827000,2026-08-26,28031
2305790641,2026-08-26,27092
2306455054,2026-08-26,67013
2354506714,2026-08-26,22136
2389164674,2026-08-26,24589
2389589691,2026-08-26,110113
2407436476,2026-08-26,129380
2409044128,2026-08-26,105347
2409209888,2026-08-26,223069
2409276081,2026-08-26,223286
2409550266,2026-08-26,10950
2411774658,2026-08-26,23528
2411818376,2026-08-26,258951
2417206619,2026-08-26,15408
2423471739,2026-08-26,50371
2434790082,2026-08-26,21348
2436408502,2026-08-26,16664
2436969913,2026-08-26,28765
2438313459,2026-08-26,185583
2441507863,2026-08-26,34893
2458024521,2026-08-26,43194
2458217640,2026-08-26,32066
2458588018,2026-08-26,14378
2458655721,2026-08-26,34937
2458656056,2026-08-26,69596
2458928927,2026-08-26,38898
2459872857,2026-08-26,25686
2461014769,2026-08-26,84373
2461999384,2026-08-26,35380
2466511041,2026-08-26,36598
2466607238,2026-08-26,307622
2475302050,2026-08-26,266763
2475617894,2026-08-26,107748
2476102240,2026-08-26,24668
2490492573,2026-08-26,19568
2494712590,2026-08-26,29719
2502673650,2026-08-26,48536
2508704523,2026-08-26,16016
2512317259,2026-08-26,34383
2512980560,2026-08-26,30144
2514556383,2026-08-26,40117
2517213262,2026-08-26,41753
2520977707,2026-08-26,32249
2523234322,2026-08-26,15455
2529002857,2026-08-26,99591
2529105358,2026-08-26,37709
2548912050,2026-08-26,14701
2555609401,2026-08-26,120689
2558590111,2026-08-26,12312
2559962615,2026-08-26,23832
2571844795,2026-08-26,19867
2572843550,2026-08-26,57978
2574175110,2026-08-26,33367
2576362573,2026-08-26,31713
2579303396,2026-08-26,63994
2582937730,2026-08-26,77616
2583755721,2026-08-26,65059
2584338908,2026-08-26,39269
2598875789,2026-08-26,43234
2602025201,2026-08-26,21889
2603031001,2026-08-26,111058
2604778880,2026-08-26,36646
2607042792,2026-08-26,19131
2608299476,2026-08-26,33262
2614472081,2026-08-26,25018
2619478648,2026-08-26,15678
2620089636,2026-08-26,24422
2621840890,2026-08-26,22024
2622652746,2026-08-26,65202
2626285356,2026-08-26,35430
2627609414,2026-08-26,20383
2631211703,2026-08-26,43090
2633444661,2026-08-26,49262
2635012115,2026-08-26,21004
2641256974,2026-08-26,78449
2645707091,2026-08-26,59466
2646410054,2026-08-26,27166
2648658105,2026-08-26,72837
2652578379,2026-08-26,25791
2660548454,2026-08-26,140424
2667143039,2026-08-26,55666
2691024387,2026-08-26,56757
2710894758,2026-08-26,16827
2717193796,2026-08-26,45741
2719075597,2026-08-26,56239
2735054420,2026-08-26,37649
2737603165,2026-08-26,39720
2738038455,2026-08-26,46682
2748029219,2026-08-26,137736
2766998502,2026-08-26,29511
2770440127,2026-08-26,35682
2774388842,2026-08-26,19355
2774987343,2026-08-26,17294
2775968897,2026-08-26,78910
2776070504,2026-08-26,36261
2783854641,2026-08-26,28327
2785989313,2026-08-26,22394
2786268200,2026-08-26,19395
2786371128,2026-08-26,26716
2791119024,2026-08-26,50669
2797095333,2026-08-26,52510
2806903835,2026-08-26,31271
2807759164,2026-08-26,51791
2807778592,2026-08-26,45550
2809216375,2026-08-26,30801
2809332037,2026-08-26,40090
2810064268,2026-08-26,26017
2811907627,2026-08-26,36415
2812860898,2026-08-26,168338
2812925242,2026-08-26,56127
2814586266,2026-08-26,74861
2815767345,2026-08-26,23621
2819720352,2026-08-26,60027
2820330517,2026-08-26,24682
2822984099,2026-08-26,22851
2822984175,2026-08-26,22755
2825985873,2026-08-26,38495
2825986399,2026-08-26,27804
2829069506,2026-08-26,46447
2829069669,2026-08-26,33313
2830366252,2026-08-26,48138
2830996776,2026-08-26,34139
2831177989,2026-08-26,25255
2831178263,2026-08-26,22521
2837700978,2026-08-26,32113
2865408972,2026-08-26,28214
2871620925,2026-08-26,21526
2874137992,2026-08-26,37145
2878075116,2026-08-26,26631
2885244355,2026-08-26,35527
2888119865,2026-08-26,47371
2897254807,2026-08-26,32598
2897373654,2026-08-26,24990
2902512011,2026-08-26,30270
2914220019,2026-08-26,21911
2942679675,2026-08-26,24936
2948301103,2026-08-26,91324
2951466817,2026-08-26,22614
2951652477,2026-08-26,27495
2956750503,2026-08-26,35848
2958421797,2026-08-26,23384
2960574667,2026-08-26,24056
2976454692,2026-08-26,61462
2976527288,2026-08-26,114978
2976573664,2026-08-26,28222
2990642419,2026-08-26,46155
2994821528,2026-08-26,45616
3002188516,2026-08-26,126774
3032768344,2026-08-26,43293
3062038863,2026-08-26,51715
3065245398,2026-08-26,22276
3067902147,2026-08-26,64367
3079374348,2026-08-26,50658
3082164342,2026-08-26,60984
3086143878,2026-08-26,155346
3086154149,2026-08-26,88941
3090328185,2026-08-26,79397
3099975582,2026-08-26,43920
3142294658,2026-08-26,66999
3153706012,2026-08-26,110316
3173239930,2026-08-26,66180
3181487775,2026-08-26,46511
3193699928,2026-08-26,32850
3195070547,2026-08-26,39034
3241119393,2026-08-26,90810
3243319558,2026-08-26,39431
3245080043,2026-08-26,33238
3250900527,2026-08-26,36004
3330088804,2026-08-26,42980
3359568450,2026-08-26,55825
3393552523,2026-08-26,35450
3405506592,2026-08-26,34007
3481775336,2026-08-26,41872
3482538734,2026-08-26,44744
3482693757,2026-08-26,35610
3491116708,2026-08-26,39307
3575236236,2026-08-26,49754
681481647,2026-08-26,12608
681553348,2026-08-26,21260
681576508,2026-08-26,118974
681787759,2026-08-26,19044
681802702,2026-08-26,20017
681803404,2026-08-26,63709
681816257,2026-08-26,25394
682090850,2026-08-26,130447
682165224,2026-08-26,102348
682691478,2026-08-26,80175
682776251,2026-08-26,41669
682851228,2026-08-26,45206
683121431,2026-08-26,14716
683175110,2026-08-26,17866
683230077,2026-08-26,412150
683328031,2026-08-26,12432
683409704,2026-08-26,74205
683594024,2026-08-26,20360
684454645,2026-08-26,18489
684509615,2026-08-26,288730
685413774,2026-08-26,47786
686276531,2026-08-26,44428
686666244,2026-08-26,24606
686764629,2026-08-26,12463
686768193,2026-08-26,29265
687037851,2026-08-26,96840
687226658,2026-08-26,65531
687882799,2026-08-26,9485
688086068,2026-08-26,134774
688576380,2026-08-26,11788
690350384,2026-08-26,29257
691008512,2026-08-26,29165
692028161,2026-08-26,119663
692253918,2026-08-26,16037
692492543,2026-08-26,71883
693402022,2026-08-26,27309
693447055,2026-08-26,53067
696649459,2026-08-26,10129
696905076,2026-08-26,10768
697938908,2026-08-26,287690
701432146,2026-08-26,60729
701739734,2026-08-26,51026
703156866,2026-08-26,64814
707297106,2026-08-26,13868
708669421,2026-08-26,12995
710345134,2026-08-26,13816
711413459,2026-08-26,9367
711825958,2026-08-26,15777
718529178,2026-08-26,10551
719712462,2026-08-26,8143
720237457,2026-08-26,84458
721416416,2026-08-26,14303
723219794,2026-08-26,16334
725596168,2026-08-26,16596
727000451,2026-08-26,387186
731621473,2026-08-26,12673
734129025,2026-08-26,59539
734362182,2026-08-26,37244
739477966,2026-08-26,16017
741194923,2026-08-26,63955
741930256,2026-08-26,81199
750263062,2026-08-26,32958
751394361,2026-08-26,97727
760594284,2026-08-26,11503
765938943,2026-08-26,66832
768131386,2026-08-26,34593
774130053,2026-08-26,14905
775122094,2026-08-26,19731
775944333,2026-08-26,61906
776095610,2026-08-26,12075
784249404,2026-08-26,16156
785299768,2026-08-26,31246
790903721,2026-08-26,48521
791049007,2026-08-26,29504
792636965,2026-08-26,41791
796529957,2026-08-26,47336
799999383,2026-08-26,12611
803491311,2026-08-26,8984
803681792,2026-08-26,18240
804293993,2026-08-26,27611
804732593,2026-08-26,9783
810204739,2026-08-26,46299
810929902,2026-08-26,8386
814332008,2026-08-26,36934
815380349,2026-08-26,11637
819007550,2026-08-26,45823
819148835,2026-08-26,507984
822305739,2026-08-26,18641
825050563,2026-08-26,24949
828731704,2026-08-26,90344
830391521,2026-08-26,23758
840482374,2026-08-26,34477
844630489,2026-08-26,40480
850142603,2026-08-26,14172
850721710,2026-08-26,22451
852005580,2026-08-26,12457
855097786,2026-08-26,29683
861800679,2026-08-26,10612
864541681,2026-08-26,28646
865040033,2026-08-26,272411
872596925,2026-08-26,14631
876504304,2026-08-26,17235
878598475,2026-08-26,24879
881118424,2026-08-26,9796
899653076,2026-08-26,20194
899795759,2026-08-26,12138
899929086,2026-08-26,19005
901039859,2026-08-26,13753
901614896,2026-08-26,21314
902204150,2026-08-26,9313
902204956,2026-08-26,147399
902526212,2026-08-26,18808
903007094,2026-08-26,20128
904956708,2026-08-26,45066
906953618,2026-08-26,16451
908639878,2026-08-26,27143
909268717,2026-08-26,15018
909670231,2026-08-26,19917
910355834,2026-08-26,9067
910576007,2026-08-26,10936
910751973,2026-08-26,27049
914872677,2026-08-26,10202
915432220,2026-08-26,56973
922893821,2026-08-26,16591
924990631,2026-08-26,100919
937289339,2026-08-26,437683
946222466,2026-08-26,141960
948883955,2026-08-26,27859
953888861,2026-08-26,16597
1067631798,2026-08-27,116070
1074841707,2026-08-27,61294
1085097357,2026-08-27,23008
1085848794,2026-08-27,12263
1085907846,2026-08-27,20099
1087781345,2026-08-27,61876
1093279583,2026-08-27,27432
1093286611,2026-08-27,28066
1100284147,2026-08-27,204553
1107423111,2026-08-27,31457
1112740619,2026-08-27,23153
1121692237,2026-08-27,569233
1123086074,2026-08-27,31854
1128927140,2026-08-27,18490
1129879777,2026-08-27,24039
1140780022,2026-08-27,14598
1144654097,2026-08-27,25507
1173995428,2026-08-27,23696
1180299890,2026-08-27,20956
1181575896,2026-08-27,16324
1199002146,2026-08-27,310808
1210945403,2026-08-27,15598
1219847230,2026-08-27,32310
1223822935,2026-08-27,30202
1227620643,2026-08-27,178769
1230096820,2026-08-27,73861
1255617173,2026-08-27,15486
1261141644,2026-08-27,45606
1279836097,2026-08-27,14278
1286356239,2026-08-27,14526
1294720127,2026-08-27,12263
1302897684,2026-08-27,93957
1302967002,2026-08-27,8560
1302974986,2026-08-27,9262
1303807781,2026-08-27,11330
1311725711,2026-08-27,185878
1315017527,2026-08-27,20342
1315030839,2026-08-27,14918
1316044027,2026-08-27,8989
1317022177,2026-08-27,10360
1320989536,2026-08-27,26920
1321344591,2026-08-27,53187
1323750659,2026-08-27,9076
1324813584,2026-08-27,32673
1333526620,2026-08-27,64733
1340817672,2026-08-27,27476
1343811959,2026-08-27,40225
1346877266,2026-08-27,39724
1351268991,2026-08-27,18059
1351953375,2026-08-27,13713
1353547443,2026-08-27,42028
1355094979,2026-08-27,15786
1359700418,2026-08-27,24215
1360500017,2026-08-27,20380
1373224279,2026-08-27,13396
1374229669,2026-08-27,20614
1386911531,2026-08-27,24465
1395096076,2026-08-27,15299
1412637064,2026-08-27,9144
1414213153,2026-08-27,20978
1417984165,2026-08-27,11814
1419304439,2026-08-27,177168
1420427657,2026-08-27,14595
1440941890,2026-08-27,23156
1455861246,2026-08-27,42882
1467714013,2026-08-27,11561
1468105710,2026-08-27,45294
1468136930,2026-08-27,30819
1481972266,2026-08-27,63885
1492025820,2026-08-27,19982
1504307690,2026-08-27,92470
1506078758,2026-08-27,81937
1506079443,2026-08-27,42544
1506079770,2026-08-27,20939
1506080933,2026-08-27,21514
1506081116,2026-08-27,22179
1506081421,2026-08-27,93783
1506083796,2026-08-27,42179
1544526280,2026-08-27,8554
1566961776,2026-08-27,14429
1585106954,2026-08-27,16216
1586639570,2026-08-27,14790
1587178040,2026-08-27,93585
1588853224,2026-08-27,28332
1590362799,2026-08-27,31414
1591647610,2026-08-27,34980
1595876588,2026-08-27,354094
1607524900,2026-08-27,10421
1609801017,2026-08-27,13578
1610578060,2026-08-27,190783
1613766846,2026-08-27,8685
1616934635,2026-08-27,11699
1617534169,2026-08-27,38261
1623423360,2026-08-27,1243317
1623423504,2026-08-27,144629
1627919748,2026-08-27,15199
1628912584,2026-08-27,180452
1629519297,2026-08-27,29487
1630649870,2026-08-27,119151
1631985204,2026-08-27,18661
1635709389,2026-08-27,87765
1641168812,2026-08-27,12088
1641807098,2026-08-27,53595
1647628520,2026-08-27,20882
1649338884,2026-08-27,15890
1649442597,2026-08-27,49680
1651768817,2026-08-27,16269
1653043481,2026-08-27,9416
1688887083,2026-08-27,198610
1693982756,2026-08-27,41165
1712760331,2026-08-27,52774
1715190550,2026-08-27,80332
1720760712,2026-08-27,12459
1726290528,2026-08-27,24086
1732437279,2026-08-27,175747
1732447147,2026-08-27,190612
1740165239,2026-08-27,215257
1747099270,2026-08-27,211012
1747995732,2026-08-27,81597
1777266185,2026-08-27,17120
1780481482,2026-08-27,143912
1780597499,2026-08-27,30918
1790861374,2026-08-27,13793
1793768254,2026-08-27,93410
1813390120,2026-08-27,27811
1818025496,2026-08-27,68681
1828891972,2026-08-27,13907
1834433554,2026-08-27,34860
1836457943,2026-08-27,46284
1863514508,2026-08-27,34854
1866576239,2026-08-27,123040
1873097578,2026-08-27,71054
1878473679,2026-08-27,244311
1878601358,2026-08-27,21806
1880071041,2026-08-27,43035
1885775216,2026-08-27,47013
1885791325,2026-08-27,8555
1886496498,2026-08-27,45205
1887282318,2026-08-27,133273
1890399946,2026-08-27,181449
1899061789,2026-08-27,48578
1900830460,2026-08-27,36893
1915620447,2026-08-27,82386
1915625799,2026-08-27,22874
1918281610,2026-08-27,85945
1922397818,2026-08-27,14805
1923444292,2026-08-27,19528
1928831043,2026-08-27,88473
1934610438,2026-08-27,26332
1943060017,2026-08-27,12419
1944445511,2026-08-27,23290
1961723204,2026-08-27,38590
1962426321,2026-08-27,23798
1970249743,2026-08-27,187427
1988230377,2026-08-27,18693
1990646390,2026-08-27,7399
1993018111,2026-08-27,67284
1993869579,2026-08-27,98770
1995601384,2026-08-27,63155
1998204784,2026-08-27,78382
1999328266,2026-08-27,81234
2001695790,2026-08-27,19353
2017870391,2026-08-27,13078
2017891552,2026-08-27,27795
2019845637,2026-08-27,14616
2019852305,2026-08-27,14550
2024528246,2026-08-27,33862
2025131190,2026-08-27,44569
2026330346,2026-08-27,9384
2026367756,2026-08-27,42893
2027015321,2026-08-27,212904
2027051983,2026-08-27,43672
2028826064,2026-08-27,17107
2030472413,2026-08-27,57726
2032118923,2026-08-27,20642
2037107797,2026-08-27,13909
2038973356,2026-08-27,23455
2044599287,2026-08-27,28438
2047260446,2026-08-27,52288
2054717582,2026-08-27,17554
2058219282,2026-08-27,11988
2059474384,2026-08-27,20372
2060393654,2026-08-27,19468
2062843706,2026-08-27,18935
2062846721,2026-08-27,20790
2062849120,2026-08-27,24367
2066393985,2026-08-27,28732
2068768158,2026-08-27,30703
2070082709,2026-08-27,40654
2077186491,2026-08-27,197324
2079926133,2026-08-27,37363
2096162410,2026-08-27,38786
2097152337,2026-08-27,12100
2104495359,2026-08-27,19558
2104538771,2026-08-27,36465
2116422940,2026-08-27,92173
2123646681,2026-08-27,20830
2130835957,2026-08-27,25345
2131014154,2026-08-27,268018
2147847286,2026-08-27,20396
2148259818,2026-08-27,39673
2160610678,2026-08-27,20127
2174082869,2026-08-27,33634
2178603631,2026-08-27,47290
2183551683,2026-08-27,33304
2184737698,2026-08-27,37158
2195523300,2026-08-27,69803
2202461067,2026-08-27,27535
2218335517,2026-08-27,21403
2219070393,2026-08-27,10528
2234187039,2026-08-27,47798
2244483797,2026-08-27,52353
2250100617,2026-08-27,28387
2257071139,2026-08-27,20995
2261313592,2026-08-27,30790
2268189539,2026-08-27,24995
2268843111,2026-08-27,24173
2280945168,2026-08-27,28186
2284514368,2026-08-27,153330
2288335512,2026-08-27,64274
2293169684,2026-08-27,22288
2293827000,2026-08-27,28031
2305790641,2026-08-27,27092
2306455054,2026-08-27,67013
2354506714,2026-08-27,22136
2389164674,2026-08-27,24589
2389589691,2026-08-27,110113
2407436476,2026-08-27,129380
2409044128,2026-08-27,105347
2409209888,2026-08-27,223069
2409276081,2026-08-27,223286
2409550266,2026-08-27,10950
2411774658,2026-08-27,23528
2411818376,2026-08-27,258951
2417206619,2026-08-27,15408
2423471739,2026-08-27,50371
2434790082,2026-08-27,21348
2436408502,2026-08-27,16664
2436969913,2026-08-27,28765
2438313459,2026-08-27,185583
2441507863,2026-08-27,34893
2458024521,2026-08-27,43194
2458217640,2026-08-27,32066
2458588018,2026-08-27,14378
2458655721,2026-08-27,34937
2458656056,2026-08-27,69596
2458928927,2026-08-27,38898
2459872857,2026-08-27,25686
2461014769,2026-08-27,84373
2461999384,2026-08-27,35380
2466511041,2026-08-27,36598
2466607238,2026-08-27,307622
2475302050,2026-08-27,266763
2475617894,2026-08-27,107748
2476102240,2026-08-27,24668
2490492573,2026-08-27,19568
2494712590,2026-08-27,29719
2502673650,2026-08-27,48536
2508704523,2026-08-27,16016
2512317259,2026-08-27,34383
2512980560,2026-08-27,30144
2514556383,2026-08-27,40117
2517213262,2026-08-27,41753
2520977707,2026-08-27,32249
2523234322,2026-08-27,15455
2529002857,2026-08-27,99591
2529105358,2026-08-27,37709
2548912050,2026-08-27,14701
2555609401,2026-08-27,120689
2558590111,2026-08-27,12312
2559962615,2026-08-27,23832
2571844795,2026-08-27,19867
2572843550,2026-08-27,57978
2574175110,2026-08-27,33367
2576362573,2026-08-27,31713
2579303396,2026-08-27,63994
2582937730,2026-08-27,77616
2583755721,2026-08-27,65059
2584338908,2026-08-27,39269
2598875789,2026-08-27,43234
2602025201,2026-08-27,21889
2603031001,2026-08-27,111058
2604778880,2026-08-27,36646
2607042792,2026-08-27,19131
2608299476,2026-08-27,33262
2614472081,2026-08-27,25018
2619478648,2026-08-27,15678
2620089636,2026-08-27,24422
2621840890,2026-08-27,22024
2622652746,2026-08-27,65202
2626285356,2026-08-27,35430
2627609414,2026-08-27,20383
2631211703,2026-08-27,43090
2633444661,2026-08-27,49262
2635012115,2026-08-27,21004
2641256974,2026-08-27,78449
2645707091,2026-08-27,59466
2646410054,2026-08-27,27166
2648658105,2026-08-27,72837
2652578379,2026-08-27,25791
2660548454,2026-08-27,140424
2667143039,2026-08-27,55666
2691024387,2026-08-27,56757
2710894758,2026-08-27,16827
2717193796,2026-08-27,45741
2719075597,2026-08-27,56239
2735054420,2026-08-27,37649
2737603165,2026-08-27,39720
2738038455,2026-08-27,46682
2748029219,2026-08-27,137736
2766998502,2026-08-27,29511
2770440127,2026-08-27,35682
2774388842,2026-08-27,19355
2774987343,2026-08-27,17294
2775968897,2026-08-27,78910
2776070504,2026-08-27,36261
2783854641,2026-08-27,28327
2785989313,2026-08-27,22394
2786268200,2026-08-27,19395
2786371128,2026-08-27,26716
2791119024,2026-08-27,50669
2797095333,2026-08-27,52510
2806903835,2026-08-27,31271
2807759164,2026-08-27,51791
2807778592,2026-08-27,45550
2809216375,2026-08-27,30801
2809332037,2026-08-27,40090
2810064268,2026-08-27,26017
2811907627,2026-08-27,36415
2812860898,2026-08-27,168338
2812925242,2026-08-27,56127
2814586266,2026-08-27,74861
2815767345,2026-08-27,23621
2819720352,2026-08-27,60027
2820330517,2026-08-27,24682
2822984099,2026-08-27,22851
2822984175,2026-08-27,22755
2825985873,2026-08-27,38495
2825986399,2026-08-27,27804
2829069506,2026-08-27,46447
2829069669,2026-08-27,33313
2830366252,2026-08-27,48138
2830996776,2026-08-27,34139
2831177989,2026-08-27,25255
2831178263,2026-08-27,22521
2837700978,2026-08-27,32113
2865408972,2026-08-27,28214
2871620925,2026-08-27,21526
2874137992,2026-08-27,37145
2878075116,2026-08-27,26631
2885244355,2026-08-27,35527
2888119865,2026-08-27,47371
2897254807,2026-08-27,32598
2897373654,2026-08-27,24990
2902512011,2026-08-27,30270
2914220019,2026-08-27,21911
2942679675,2026-08-27,24936
2948301103,2026-08-27,91324
2951466817,2026-08-27,22614
2951652477,2026-08-27,27495
2956750503,2026-08-27,35848
2958421797,2026-08-27,23384
2960574667,2026-08-27,24056
2976454692,2026-08-27,61462
2976527288,2026-08-27,114978
2976573664,2026-08-27,28222
2990642419,2026-08-27,46155
2994821528,2026-08-27,45616
3002188516,2026-08-27,126774
3032768344,2026-08-27,43293
3062038863,2026-08-27,51715
3065245398,2026-08-27,22276
3067902147,2026-08-27,64367
3079374348,2026-08-27,50658
3082164342,2026-08-27,60984
3086143878,2026-08-27,155346
3086154149,2026-08-27,88941
3090328185,2026-08-27,79397
3099975582,2026-08-27,43920
3142294658,2026-08-27,66999
3153706012,2026-08-27,110316
3173239930,2026-08-27,66180
3181487775,2026-08-27,46511
3193699928,2026-08-27,32850
3195070547,2026-08-27,39034
3241119393,2026-08-27,90810
3243319558,2026-08-27,39431
3245080043,2026-08-27,33238
3250900527,2026-08-27,36004
3330088804,2026-08-27,42980
3359568450,2026-08-27,55825
3393552523,2026-08-27,35450
3405506592,2026-08-27,34007
3481775336,2026-08-27,41872
3482538734,2026-08-27,44744
3482693757,2026-08-27,35610
3491116708,2026-08-27,39307
3575236236,2026-08-27,49754
681481647,2026-08-27,12608
681553348,2026-08-27,21260
681576508,2026-08-27,118974
681787759,2026-08-27,19044
681802702,2026-08-27,20017
681803404,2026-08-27,63709
681816257,2026-08-27,25394
682090850,2026-08-27,130447
682165224,2026-08-27,102348
682691478,2026-08-27,80175
682776251,2026-08-27,41669
682851228,2026-08-27,45206
683121431,2026-08-27,14716
683175110,2026-08-27,17866
683230077,2026-08-27,412150
683328031,2026-08-27,12432
683409704,2026-08-27,74205
683594024,2026-08-27,20360
684454645,2026-08-27,18489
684509615,2026-08-27,288730
685413774,2026-08-27,47786
686276531,2026-08-27,44428
686666244,2026-08-27,24606
686764629,2026-08-27,12463
686768193,2026-08-27,29265
687037851,2026-08-27,96840
687226658,2026-08-27,65531
687882799,2026-08-27,9485
688086068,2026-08-27,134774
688576380,2026-08-27,11788
690350384,2026-08-27,29257
691008512,2026-08-27,29165
692028161,2026-08-27,119663
692253918,2026-08-27,16037
692492543,2026-08-27,71883
693402022,2026-08-27,27309
693447055,2026-08-27,53067
696649459,2026-08-27,10129
696905076,2026-08-27,10768
697938908,2026-08-27,287690
701432146,2026-08-27,60729
701739734,2026-08-27,51026
703156866,2026-08-27,64814
707297106,2026-08-27,13868
708669421,2026-08-27,12995
710345134,2026-08-27,13816
711413459,2026-08-27,9367
711825958,2026-08-27,15777
718529178,2026-08-27,10551
719712462,2026-08-27,8143
720237457,2026-08-27,84458
721416416,2026-08-27,14303
723219794,2026-08-27,16334
725596168,2026-08-27,16596
727000451,2026-08-27,387186
731621473,2026-08-27,12673
734129025,2026-08-27,59539
734362182,2026-08-27,37244
739477966,2026-08-27,16017
741194923,2026-08-27,63955
741930256,2026-08-27,81199
750263062,2026-08-27,32958
751394361,2026-08-27,97727
760594284,2026-08-27,11503
765938943,2026-08-27,66832
768131386,2026-08-27,34593
774130053,2026-08-27,14905
775122094,2026-08-27,19731
775944333,2026-08-27,61906
776095610,2026-08-27,12075
784249404,2026-08-27,16156
785299768,2026-08-27,31246
790903721,2026-08-27,48521
791049007,2026-08-27,29504
792636965,2026-08-27,41791
796529957,2026-08-27,47336
799999383,2026-08-27,12611
803491311,2026-08-27,8984
803681792,2026-08-27,18240
804293993,2026-08-27,27611
804732593,2026-08-27,9783
810204739,2026-08-27,46299
810929902,2026-08-27,8386
814332008,2026-08-27,36934
815380349,2026-08-27,11637
819007550,2026-08-27,45823
819148835,2026-08-27,507984
822305739,2026-08-27,18641
825050563,2026-08-27,24949
828731704,2026-08-27,90344
830391521,2026-08-27,23758
840482374,2026-08-27,34477
844630489,2026-08-27,40480
850142603,2026-08-27,14172
850721710,2026-08-27,22451
852005580,2026-08-27,12457
855097786,2026-08-27,29683
861800679,2026-08-27,10612
864541681,2026-08-27,28646
865040033,2026-08-27,272411
872596925,2026-08-27,14631
876504304,2026-08-27,17235
878598475,2026-08-27,24879
881118424,2026-08-27,9796
899653076,2026-08-27,20194
899795759,2026-08-27,12138
899929086,2026-08-27,19005
901039859,2026-08-27,13753
901614896,2026-08-27,21314
902204150,2026-08-27,9313
902204956,2026-08-27,147399
902526212,2026-08-27,18808
903007094,2026-08-27,20128
904956708,2026-08-27,45066
906953618,2026-08-27,16451
908639878,2026-08-27,27143
909268717,2026-08-27,15018
909670231,2026-08-27,19917
910355834,2026-08-27,9067
910576007,2026-08-27,10936
910751973,2026-08-27,27049
914872677,2026-08-27,10202
915432220,2026-08-27,56973
922893821,2026-08-27,16591
924990631,2026-08-27,100919
937289339,2026-08-27,437683
946222466,2026-08-27,141960
948883955,2026-08-27,27859
953888861,2026-08-27,16597
1067631798,2026-08-28,116070
1074841707,2026-08-28,61294
1085097357,2026-08-28,23008
1085848794,2026-08-28,12255
1085907846,2026-08-28,20099
1087781345,2026-08-28,61876
1093279583,2026-08-28,27429
1093286611,2026-08-28,28066
1100284147,2026-08-28,204553
1107423111,2026-08-28,31458
1112740619,2026-08-28,23153
1121692237,2026-08-28,569233
1123086074,2026-08-28,31854
1128927140,2026-08-28,18490
1129879777,2026-08-28,24039
1140780022,2026-08-28,14595
1144654097,2026-08-28,25507
1173995428,2026-08-28,23696
1180299890,2026-08-28,20956
1181575896,2026-08-28,16314
1199002146,2026-08-28,310808
1210945403,2026-08-28,15595
1219847230,2026-08-28,32310
1223822935,2026-08-28,30202
1227620643,2026-08-28,178769
1230096820,2026-08-28,73861
1255617173,2026-08-28,15475
1261141644,2026-08-28,45606
1279836097,2026-08-28,14278
1286356239,2026-08-28,14539
1294720127,2026-08-28,12256
1302897684,2026-08-28,93957
1302967002,2026-08-28,8555
1302974986,2026-08-28,9257
1303807781,2026-08-28,11330
1311725711,2026-08-28,185878
1315017527,2026-08-28,20338
1315030839,2026-08-28,14918
1316044027,2026-08-28,8988
1317022177,2026-08-28,10355
1320989536,2026-08-28,26920
1321344591,2026-08-28,53187
1323750659,2026-08-28,9072
1324813584,2026-08-28,32673
1333526620,2026-08-28,64733
1340817672,2026-08-28,27476
1343811959,2026-08-28,40225
1346877266,2026-08-28,39724
1351268991,2026-08-28,18053
1351953375,2026-08-28,13711
1353547443,2026-08-28,42028
1355094979,2026-08-28,15778
1359700418,2026-08-28,24211
1360500017,2026-08-28,20375
1373224279,2026-08-28,13371
1374229669,2026-08-28,20601
1386911531,2026-08-28,24465
1395096076,2026-08-28,15299
1412637064,2026-08-28,9144
1414213153,2026-08-28,20978
1417984165,2026-08-28,11814
1419304439,2026-08-28,177168
1420427657,2026-08-28,14595
1440941890,2026-08-28,23156
1455861246,2026-08-28,42882
1467714013,2026-08-28,11561
1468105710,2026-08-28,45294
1468136930,2026-08-28,30831
1481972266,2026-08-28,63885
1492025820,2026-08-28,19969
1504307690,2026-08-28,92470
1506078758,2026-08-28,81937
1506079443,2026-08-28,42544
1506079770,2026-08-28,20936
1506080933,2026-08-28,21514
1506081116,2026-08-28,22179
1506081421,2026-08-28,93783
1506083796,2026-08-28,42179
1544526280,2026-08-28,8554
1566961776,2026-08-28,14418
1585106954,2026-08-28,16213
1586639570,2026-08-28,14790
1587178040,2026-08-28,93585
1588853224,2026-08-28,28332
1590362799,2026-08-28,31414
1591647610,2026-08-28,34980
1595876588,2026-08-28,354094
1607524900,2026-08-28,10417
1609801017,2026-08-28,13570
1610578060,2026-08-28,190783
1613766846,2026-08-28,8681
1616934635,2026-08-28,11688
1617534169,2026-08-28,38261
1623423360,2026-08-28,1243317
1623423504,2026-08-28,144629
1627919748,2026-08-28,15190
1628912584,2026-08-28,180452
1629519297,2026-08-28,29487
1630649870,2026-08-28,119151
1631985204,2026-08-28,18657
1635709389,2026-08-28,87765
1641168812,2026-08-28,12088
1641807098,2026-08-28,53595
1647628520,2026-08-28,20882
1649338884,2026-08-28,15878
1649442597,2026-08-28,49680
1651768817,2026-08-28,16269
1653043481,2026-08-28,9411
1688887083,2026-08-28,198610
1693982756,2026-08-28,41165
1712760331,2026-08-28,52774
1715190550,2026-08-28,80332
1720760712,2026-08-28,12447
1726290528,2026-08-28,24062
1732437279,2026-08-28,175747
1732447147,2026-08-28,190612
1740165239,2026-08-28,215257
1747099270,2026-08-28,211012
1747995732,2026-08-28,81597
1777266185,2026-08-28,17105
1780481482,2026-08-28,143912
1780597499,2026-08-28,30898
1790861374,2026-08-28,13788
1793768254,2026-08-28,93410
1813390120,2026-08-28,27811
1818025496,2026-08-28,68681
1828891972,2026-08-28,13907
1834433554,2026-08-28,34860
1836457943,2026-08-28,46284
1863514508,2026-08-28,34854
1866576239,2026-08-28,123040
1873097578,2026-08-28,71054
1878473679,2026-08-28,244311
1878601358,2026-08-28,21806
1880071041,2026-08-28,43035
1885775216,2026-08-28,47013
1885791325,2026-08-28,8555
1886496498,2026-08-28,45213
1887282318,2026-08-28,133273
1890399946,2026-08-28,181449
1899061789,2026-08-28,48578
1900830460,2026-08-28,36893
1915620447,2026-08-28,82386
1915625799,2026-08-28,22874
1918281610,2026-08-28,85945
1922397818,2026-08-28,14798
1923444292,2026-08-28,19529
1928831043,2026-08-28,88473
1934610438,2026-08-28,26329
1943060017,2026-08-28,12411
1944445511,2026-08-28,23290
1961723204,2026-08-28,38590
1962426321,2026-08-28,23798
1970249743,2026-08-28,187427
1988230377,2026-08-28,18693
1990646390,2026-08-28,7399
1993018111,2026-08-28,67284
1993869579,2026-08-28,98770
1995601384,2026-08-28,63155
1998204784,2026-08-28,78382
1999328266,2026-08-28,81234
2001695790,2026-08-28,19337
2017870391,2026-08-28,13068
2017891552,2026-08-28,27795
2019845637,2026-08-28,14610
2019852305,2026-08-28,14546
2024528246,2026-08-28,33862
2025131190,2026-08-28,44569
2026330346,2026-08-28,9384
2026367756,2026-08-28,42893
2027015321,2026-08-28,212904
2027051983,2026-08-28,43672
2028826064,2026-08-28,17091
2030472413,2026-08-28,57726
2032118923,2026-08-28,20639
2037107797,2026-08-28,13909
2038973356,2026-08-28,23444
2044599287,2026-08-28,28438
2047260446,2026-08-28,52288
2054717582,2026-08-28,17538
2058219282,2026-08-28,11990
2059474384,2026-08-28,20366
2060393654,2026-08-28,19447
2062843706,2026-08-28,18916
2062846721,2026-08-28,20762
2062849120,2026-08-28,24367
2066393985,2026-08-28,28732
2068768158,2026-08-28,30703
2070082709,2026-08-28,40654
2077186491,2026-08-28,197324
2079926133,2026-08-28,37363
2096162410,2026-08-28,38786
2097152337,2026-08-28,12100
2104495359,2026-08-28,19540
2104538771,2026-08-28,36475
2116422940,2026-08-28,92173
2123646681,2026-08-28,20817
2130835957,2026-08-28,25326
2131014154,2026-08-28,268018
2147847286,2026-08-28,20378
2148259818,2026-08-28,39673
2160610678,2026-08-28,20127
2174082869,2026-08-28,33634
2178603631,2026-08-28,47290
2183551683,2026-08-28,33304
2184737698,2026-08-28,37225
2195523300,2026-08-28,69803
2202461067,2026-08-28,27535
2218335517,2026-08-28,21393
2219070393,2026-08-28,10528
2234187039,2026-08-28,47798
2244483797,2026-08-28,52353
2250100617,2026-08-28,28387
2257071139,2026-08-28,21002
2261313592,2026-08-28,30768
2268189539,2026-08-28,24967
2268843111,2026-08-28,24184
2280945168,2026-08-28,28181
2284514368,2026-08-28,153330
2288335512,2026-08-28,64274
2293169684,2026-08-28,22263
2293827000,2026-08-28,28053
2305790641,2026-08-28,27069
2306455054,2026-08-28,67013
2354506714,2026-08-28,22133
2389164674,2026-08-28,24581
2389589691,2026-08-28,110113
2407436476,2026-08-28,129380
2409044128,2026-08-28,105347
2409209888,2026-08-28,223069
2409276081,2026-08-28,223286
2409550266,2026-08-28,10947
2411774658,2026-08-28,23562
2411818376,2026-08-28,258951
2417206619,2026-08-28,15399
2423471739,2026-08-28,50371
2434790082,2026-08-28,21347
2436408502,2026-08-28,16656
2436969913,2026-08-28,28763
2438313459,2026-08-28,185583
2441507863,2026-08-28,34893
2458024521,2026-08-28,43194
2458217640,2026-08-28,32066
2458588018,2026-08-28,14372
2458655721,2026-08-28,34961
2458656056,2026-08-28,69596
2458928927,2026-08-28,38898
2459872857,2026-08-28,25705
2461014769,2026-08-28,84373
2461999384,2026-08-28,35380
2466511041,2026-08-28,36614
2466607238,2026-08-28,307622
2475302050,2026-08-28,266763
2475617894,2026-08-28,107748
2476102240,2026-08-28,24674
2490492573,2026-08-28,19562
2494712590,2026-08-28,29719
2502673650,2026-08-28,48536
2508704523,2026-08-28,15997
2512317259,2026-08-28,34383
2512980560,2026-08-28,30129
2514556383,2026-08-28,40117
2517213262,2026-08-28,41753
2520977707,2026-08-28,32249
2523234322,2026-08-28,15444
2529002857,2026-08-28,99591
2529105358,2026-08-28,37709
2548912050,2026-08-28,14686
2555609401,2026-08-28,120689
2558590111,2026-08-28,12308
2559962615,2026-08-28,23824
2571844795,2026-08-28,19875
2572843550,2026-08-28,57978
2574175110,2026-08-28,33381
2576362573,2026-08-28,31713
2579303396,2026-08-28,63994
2582937730,2026-08-28,77616
2583755721,2026-08-28,65059
2584338908,2026-08-28,39269
2598875789,2026-08-28,43234
2602025201,2026-08-28,21869
2603031001,2026-08-28,111058
2604778880,2026-08-28,36651
2607042792,2026-08-28,19131
2608299476,2026-08-28,33262
2614472081,2026-08-28,25032
2619478648,2026-08-28,15673
2620089636,2026-08-28,24433
2621840890,2026-08-28,22024
2622652746,2026-08-28,65202
2626285356,2026-08-28,35430
2627609414,2026-08-28,20354
2631211703,2026-08-28,43090
2633444661,2026-08-28,49262
2635012115,2026-08-28,21006
2641256974,2026-08-28,78449
2645707091,2026-08-28,59466
2646410054,2026-08-28,27150
2648658105,2026-08-28,72837
2652578379,2026-08-28,25774
2660548454,2026-08-28,140424
2667143039,2026-08-28,55666
2691024387,2026-08-28,56757
2710894758,2026-08-28,16827
2717193796,2026-08-28,45741
2719075597,2026-08-28,56239
2735054420,2026-08-28,37671
2737603165,2026-08-28,39720
2738038455,2026-08-28,46682
2748029219,2026-08-28,137736
2766998502,2026-08-28,29563
2770440127,2026-08-28,35664
2774388842,2026-08-28,19338
2774987343,2026-08-28,17272
2775968897,2026-08-28,78910
2776070504,2026-08-28,36294
2783854641,2026-08-28,28367
2785989313,2026-08-28,22393
2786268200,2026-08-28,19366
2786371128,2026-08-28,26685
2791119024,2026-08-28,50669
2797095333,2026-08-28,52510
2806903835,2026-08-28,31290
2807759164,2026-08-28,51791
2807778592,2026-08-28,45550
2809216375,2026-08-28,30796
2809332037,2026-08-28,40085
2810064268,2026-08-28,26027
2811907627,2026-08-28,36430
2812860898,2026-08-28,168338
2812925242,2026-08-28,56127
2814586266,2026-08-28,74861
2815767345,2026-08-28,23621
2819720352,2026-08-28,60027
2820330517,2026-08-28,24682
2822984099,2026-08-28,22851
2822984175,2026-08-28,22766
2825985873,2026-08-28,38523
2825986399,2026-08-28,27820
2829069506,2026-08-28,46447
2829069669,2026-08-28,33326
2830366252,2026-08-28,48138
2830996776,2026-08-28,34185
2831177989,2026-08-28,25255
2831178263,2026-08-28,22521
2837700978,2026-08-28,32080
2865408972,2026-08-28,28214
2871620925,2026-08-28,21526
2874137992,2026-08-28,37173
2878075116,2026-08-28,26638
2885244355,2026-08-28,35541
2888119865,2026-08-28,47371
2897254807,2026-08-28,32596
2897373654,2026-08-28,25015
2902512011,2026-08-28,30238
2914220019,2026-08-28,21865
2942679675,2026-08-28,24936
2948301103,2026-08-28,91324
2951466817,2026-08-28,22614
2951652477,2026-08-28,27495
2956750503,2026-08-28,35856
2958421797,2026-08-28,23384
2960574667,2026-08-28,24056
2976454692,2026-08-28,61462
2976527288,2026-08-28,114978
2976573664,2026-08-28,28207
2990642419,2026-08-28,46155
2994821528,2026-08-28,45635
3002188516,2026-08-28,126774
3032768344,2026-08-28,43347
3062038863,2026-08-28,51715
3065245398,2026-08-28,22276
3067902147,2026-08-28,64367
3079374348,2026-08-28,50658
3082164342,2026-08-28,60984
3086143878,2026-08-28,155346
3086154149,2026-08-28,88941
3090328185,2026-08-28,79397
3099975582,2026-08-28,43941
3142294658,2026-08-28,66999
3153706012,2026-08-28,110316
3173239930,2026-08-28,66180
3181487775,2026-08-28,46459
3193699928,2026-08-28,32812
3195070547,2026-08-28,39027
3241119393,2026-08-28,90810
3243319558,2026-08-28,39431
3245080043,2026-08-28,33253
3250900527,2026-08-28,35996
3330088804,2026-08-28,43112
3359568450,2026-08-28,56111
3393552523,2026-08-28,35486
3405506592,2026-08-28,33991
3481775336,2026-08-28,41949
3482538734,2026-08-28,44841
3482693757,2026-08-28,35669
3491116708,2026-08-28,39373
3575236236,2026-08-28,49955
681481647,2026-08-28,12608
681553348,2026-08-28,21260
681576508,2026-08-28,118974
681787759,2026-08-28,19044
681802702,2026-08-28,20008
681803404,2026-08-28,63709
681816257,2026-08-28,25394
682090850,2026-08-28,130447
682165224,2026-08-28,102348
682691478,2026-08-28,80175
682776251,2026-08-28,41669
682851228,2026-08-28,45238
683121431,2026-08-28,14708
683175110,2026-08-28,17866
683230077,2026-08-28,412150
683328031,2026-08-28,12432
683409704,2026-08-28,74205
683594024,2026-08-28,20360
684454645,2026-08-28,18481
684509615,2026-08-28,288730
685413774,2026-08-28,47786
686276531,2026-08-28,44428
686666244,2026-08-28,24598
686764629,2026-08-28,12459
686768193,2026-08-28,29265
687037851,2026-08-28,96840
687226658,2026-08-28,65531
687882799,2026-08-28,9485
688086068,2026-08-28,134774
688576380,2026-08-28,11783
690350384,2026-08-28,29257
691008512,2026-08-28,29165
692028161,2026-08-28,119663
692253918,2026-08-28,16026
692492543,2026-08-28,71883
693402022,2026-08-28,27309
693447055,2026-08-28,53067
696649459,2026-08-28,10129
696905076,2026-08-28,10763
697938908,2026-08-28,287690
701432146,2026-08-28,60729
701739734,2026-08-28,51026
703156866,2026-08-28,64814
707297106,2026-08-28,13866
708669421,2026-08-28,12996
710345134,2026-08-28,13816
711413459,2026-08-28,9363
711825958,2026-08-28,15780
718529178,2026-08-28,10550
719712462,2026-08-28,8143
720237457,2026-08-28,84458
721416416,2026-08-28,14299
723219794,2026-08-28,16334
725596168,2026-08-28,16596
727000451,2026-08-28,387186
731621473,2026-08-28,12668
734129025,2026-08-28,59539
734362182,2026-08-28,37244
739477966,2026-08-28,16017
741194923,2026-08-28,63955
741930256,2026-08-28,81199
750263062,2026-08-28,32958
751394361,2026-08-28,97727
760594284,2026-08-28,11503
765938943,2026-08-28,66832
768131386,2026-08-28,34593
774130053,2026-08-28,14895
775122094,2026-08-28,19723
775944333,2026-08-28,61906
776095610,2026-08-28,12070
784249404,2026-08-28,16151
785299768,2026-08-28,31246
790903721,2026-08-28,48521
791049007,2026-08-28,29504
792636965,2026-08-28,41780
796529957,2026-08-28,47336
799999383,2026-08-28,12607
803491311,2026-08-28,8982
803681792,2026-08-28,18240
804293993,2026-08-28,27611
804732593,2026-08-28,9776
810204739,2026-08-28,46299
810929902,2026-08-28,8386
814332008,2026-08-28,36934
815380349,2026-08-28,11634
819007550,2026-08-28,45823
819148835,2026-08-28,507984
822305739,2026-08-28,18641
825050563,2026-08-28,24949
828731704,2026-08-28,90344
830391521,2026-08-28,23758
840482374,2026-08-28,34477
844630489,2026-08-28,40480
850142603,2026-08-28,14163
850721710,2026-08-28,22451
852005580,2026-08-28,12448
855097786,2026-08-28,29679
861800679,2026-08-28,10608
864541681,2026-08-28,28646
865040033,2026-08-28,272411
872596925,2026-08-28,14625
876504304,2026-08-28,17235
878598475,2026-08-28,24879
881118424,2026-08-28,9796
899653076,2026-08-28,20190
899795759,2026-08-28,12132
899929086,2026-08-28,18997
901039859,2026-08-28,13746
901614896,2026-08-28,21314
902204150,2026-08-28,9310
902204956,2026-08-28,147399
902526212,2026-08-28,18808
903007094,2026-08-28,20128
904956708,2026-08-28,45066
906953618,2026-08-28,16447
908639878,2026-08-28,27143
909268717,2026-08-28,15018
909670231,2026-08-28,19903
910355834,2026-08-28,9064
910576007,2026-08-28,10941
910751973,2026-08-28,27049
914872677,2026-08-28,10196
915432220,2026-08-28,56973
922893821,2026-08-28,16585
924990631,2026-08-28,100919
937289339,2026-08-28,437683
946222466,2026-08-28,141960
948883955,2026-08-28,27859
953888861,2026-08-28,16580
1067631798,2026-08-29,116009
1074841707,2026-08-29,61329
1085097357,2026-08-29,23030
1085848794,2026-08-29,12267
1085907846,2026-08-29,20119
1087781345,2026-08-29,61902
1093279583,2026-08-29,27437
1093286611,2026-08-29,28077
1100284147,2026-08-29,204425
1107423111,2026-08-29,31472
1112740619,2026-08-29,23177
1121692237,2026-08-29,568747
1123086074,2026-08-29,31863
1126014321,2026-08-29,11636
1128927140,2026-08-29,18505
1129879777,2026-08-29,24047
1140780022,2026-08-29,14601
1144654097,2026-08-29,25524
1160316076,2026-08-29,9817
1170859543,2026-08-29,8388
1173995428,2026-08-29,23708
1180299890,2026-08-29,20956
1181575896,2026-08-29,16328
1199002146,2026-08-29,310543
1210945403,2026-08-29,15597
1215611424,2026-08-29,15090
1219847230,2026-08-29,32324
1223822935,2026-08-29,30233
1227620643,2026-08-29,178820
1230096820,2026-08-29,73916
1249001485,2026-08-29,11962
1255617173,2026-08-29,15494
1261141644,2026-08-29,45627
1279836097,2026-08-29,14278
1286356239,2026-08-29,14504
1294720127,2026-08-29,12268
1299739260,2026-08-29,5811
1302897684,2026-08-29,94014
1302967002,2026-08-29,8563
1302974986,2026-08-29,9263
1303807781,2026-08-29,11330
1310381862,2026-08-29,10116
1311725711,2026-08-29,185729
1315017527,2026-08-29,20348
1315030839,2026-08-29,14918
1316044027,2026-08-29,8991
1317022177,2026-08-29,10365
1319264195,2026-08-29,10272
1320989536,2026-08-29,26948
1321344591,2026-08-29,53180
1323750659,2026-08-29,9078
1324813584,2026-08-29,32700
1333526620,2026-08-29,64708
1340817672,2026-08-29,27487
1343811959,2026-08-29,40236
1346877266,2026-08-29,39763
1351268991,2026-08-29,18063
1351953375,2026-08-29,13717
1353547443,2026-08-29,42029
1355094979,2026-08-29,15808
1359700418,2026-08-29,24231
1360500017,2026-08-29,20388
1373224279,2026-08-29,13397
1374229669,2026-08-29,20637
1385175538,2026-08-29,9823
1386911531,2026-08-29,24462
1394094004,2026-08-29,11384
1395096076,2026-08-29,15304
1412637064,2026-08-29,9144
1414213153,2026-08-29,21002
1417984165,2026-08-29,11814
1419304439,2026-08-29,176962
1420427657,2026-08-29,14595
1440941890,2026-08-29,23194
1445668908,2026-08-29,8418
1455861246,2026-08-29,42937
1467714013,2026-08-29,11561
1468105710,2026-08-29,45297
1468136930,2026-08-29,30827
1481972266,2026-08-29,63899
1492025820,2026-08-29,19991
1504307690,2026-08-29,92403
1506078758,2026-08-29,81973
1506079443,2026-08-29,42549
1506079770,2026-08-29,20950
1506080933,2026-08-29,21525
1506081116,2026-08-29,22190
1506081421,2026-08-29,93850
1506083796,2026-08-29,42208
1506085043,2026-08-29,15003
1544526280,2026-08-29,8554
1566961776,2026-08-29,14436
1585106954,2026-08-29,16220
1586639570,2026-08-29,14797
1587178040,2026-08-29,93717
1588853224,2026-08-29,28350
1590362799,2026-08-29,31433
1591647610,2026-08-29,35005
1595876588,2026-08-29,353882
1607524900,2026-08-29,10430
1609801017,2026-08-29,13588
1610578060,2026-08-29,190904
1612679489,2026-08-29,7539
1613766846,2026-08-29,8688
1616934635,2026-08-29,11706
1617534169,2026-08-29,38287
1623423360,2026-08-29,1242219
1623423504,2026-08-29,144510
1627919748,2026-08-29,15206
1628912584,2026-08-29,180234
1629519297,2026-08-29,29519
1630649870,2026-08-29,119365
1631985204,2026-08-29,18651
1635709389,2026-08-29,87708
1641168812,2026-08-29,12088
1641807098,2026-08-29,53614
1647628520,2026-08-29,20907
1649338884,2026-08-29,15908
1649442597,2026-08-29,49636
1651768817,2026-08-29,16269
1653043481,2026-08-29,9422
1665106451,2026-08-29,18316
1688887083,2026-08-29,198616
1693982756,2026-08-29,41219
1712760331,2026-08-29,52831
1715190550,2026-08-29,80413
1720760712,2026-08-29,12470
1726290528,2026-08-29,24127
1732437279,2026-08-29,175610
1732447147,2026-08-29,190516
1740165239,2026-08-29,215186
1747099270,2026-08-29,210928
1747995732,2026-08-29,81609
1748517193,2026-08-29,8305
1761353630,2026-08-29,10276
1762062219,2026-08-29,7046
1777266185,2026-08-29,17128
1780481482,2026-08-29,143792
1780597499,2026-08-29,30951
1790861374,2026-08-29,13803
1793768254,2026-08-29,93379
1813104049,2026-08-29,7910
1813390120,2026-08-29,27850
1818025496,2026-08-29,68695
1828891972,2026-08-29,13907
1834433554,2026-08-29,34843
1836457943,2026-08-29,46343
1863514508,2026-08-29,34894
1866576239,2026-08-29,123007
1871684873,2026-08-29,18876
1873097578,2026-08-29,70978
1878473679,2026-08-29,244185
1878601358,2026-08-29,21829
1880071041,2026-08-29,42978
1885775216,2026-08-29,47055
1885791325,2026-08-29,8555
1886496498,2026-08-29,45197
1887282318,2026-08-29,133126
1890399946,2026-08-29,181343
1890873104,2026-08-29,21811
1899061789,2026-08-29,48617
1900830460,2026-08-29,36910
1915620447,2026-08-29,82263
1915625799,2026-08-29,22893
1918281610,2026-08-29,85836
1922397818,2026-08-29,14811
1923444292,2026-08-29,19532
1928831043,2026-08-29,88581
1934610438,2026-08-29,26337
1943060017,2026-08-29,12423
1944445511,2026-08-29,23302
1961723204,2026-08-29,38595
1962426321,2026-08-29,23806
1970249743,2026-08-29,187414
1988230377,2026-08-29,18693
1990646390,2026-08-29,7399
1993018111,2026-08-29,67216
1993869579,2026-08-29,98886
1995601384,2026-08-29,63294
1998204784,2026-08-29,78480
1999328266,2026-08-29,81329
2001695790,2026-08-29,19359
2008054135,2026-08-29,15911
2017870391,2026-08-29,13089
2017891552,2026-08-29,27828
2019845637,2026-08-29,14619
2019852305,2026-08-29,14549
2024528246,2026-08-29,33892
2025131190,2026-08-29,44527
2026330346,2026-08-29,9384
2026367756,2026-08-29,42907
2027001560,2026-08-29,9497
2027015321,2026-08-29,212870
2027051983,2026-08-29,43670
2028826064,2026-08-29,17133
2030472413,2026-08-29,57789
2032118923,2026-08-29,20652
2037107797,2026-08-29,13909
2038973356,2026-08-29,23476
2044599287,2026-08-29,28474
2047260446,2026-08-29,52307
2054717582,2026-08-29,17571
2058219282,2026-08-29,11985
2059474384,2026-08-29,20388
2060393654,2026-08-29,19480
2062843706,2026-08-29,18954
2062846721,2026-08-29,20817
2062849120,2026-08-29,24404
2066393985,2026-08-29,28747
2068768158,2026-08-29,30688
2070082709,2026-08-29,40709
2077186491,2026-08-29,197459
2079926133,2026-08-29,37390
2096162410,2026-08-29,38860
2097152337,2026-08-29,12100
2104495359,2026-08-29,19577
2104538771,2026-08-29,36456
2106506823,2026-08-29,7105
2116422940,2026-08-29,92181
2123646681,2026-08-29,20841
2130835957,2026-08-29,25363
2131014154,2026-08-29,267794
2145844864,2026-08-29,11642
2147847286,2026-08-29,20404
2148259818,2026-08-29,39657
2160610678,2026-08-29,20125
2174082869,2026-08-29,33678
2177145527,2026-08-29,15707
2178603631,2026-08-29,47182
2183551683,2026-08-29,33302
2184737698,2026-08-29,37077
2195523300,2026-08-29,69861
2202461067,2026-08-29,27567
2218335517,2026-08-29,21414
2219070393,2026-08-29,10528
2234187039,2026-08-29,47820
2244483797,2026-08-29,52403
2250100617,2026-08-29,28387
2257071139,2026-08-29,20997
2261313592,2026-08-29,30797
2268189539,2026-08-29,25026
2268843111,2026-08-29,24155
2280945168,2026-08-29,28143
2284514368,2026-08-29,153229
2288335512,2026-08-29,64183
2293169684,2026-08-29,22294
2293827000,2026-08-29,28001
2305790641,2026-08-29,27122
2306455054,2026-08-29,66987
2310933502,2026-08-29,13975
2354506714,2026-08-29,22142
2389164674,2026-08-29,24598
2389589691,2026-08-29,110045
2407436476,2026-08-29,129269
2409044128,2026-08-29,105211
2409209888,2026-08-29,222821
2409276081,2026-08-29,222940
2409550266,2026-08-29,10944
2411774658,2026-08-29,23481
2411818376,2026-08-29,258813
2417206619,2026-08-29,15428
2423471739,2026-08-29,50328
2434790082,2026-08-29,21345
2436408502,2026-08-29,16668
2436969913,2026-08-29,28746
2438313459,2026-08-29,185518
2441507863,2026-08-29,34947
2458024521,2026-08-29,43268
2458217640,2026-08-29,32093
2458588018,2026-08-29,14382
2458655721,2026-08-29,34922
2458656056,2026-08-29,69459
2458928927,2026-08-29,38905
2459872857,2026-08-29,25657
2461014769,2026-08-29,84346
2461999384,2026-08-29,35376
2466511041,2026-08-29,36587
2466607238,2026-08-29,307319
2475302050,2026-08-29,266432
2475617894,2026-08-29,107602
2476102240,2026-08-29,24684
2490492573,2026-08-29,19576
2494712590,2026-08-29,29768
2498990660,2026-08-29,10196
2502673650,2026-08-29,48571
2508704523,2026-08-29,16037
2512317259,2026-08-29,34383
2512980560,2026-08-29,30162
2514556383,2026-08-29,40069
2517213262,2026-08-29,41730
2520977707,2026-08-29,32292
2523234322,2026-08-29,15463
2529002857,2026-08-29,99726
2529105358,2026-08-29,37736
2548912050,2026-08-29,14708
2555609401,2026-08-29,120804
2558590111,2026-08-29,12320
2559962615,2026-08-29,23814
2571844795,2026-08-29,19844
2572843550,2026-08-29,58008
2574175110,2026-08-29,33377
2576362573,2026-08-29,31743
2579303396,2026-08-29,64046
2582937730,2026-08-29,77487
2583755721,2026-08-29,65227
2584338908,2026-08-29,39284
2598875789,2026-08-29,43273
2602025201,2026-08-29,21915
2603031001,2026-08-29,111106
2604778880,2026-08-29,36648
2607042792,2026-08-29,19131
2608299476,2026-08-29,33266
2608435724,2026-08-29,14554
2609450219,2026-08-29,9237
2614472081,2026-08-29,25010
2619478648,2026-08-29,15672
2620089636,2026-08-29,24410
2621840890,2026-08-29,22024
2622652746,2026-08-29,65139
2626285356,2026-08-29,35358
2627609414,2026-08-29,20410
2628611107,2026-08-29,12934
2631211703,2026-08-29,43148
2633444661,2026-08-29,49153
2635012115,2026-08-29,21023
2641256974,2026-08-29,78394
2645707091,2026-08-29,59522
2646410054,2026-08-29,27175
2648658105,2026-08-29,72661
2652578379,2026-08-29,25773
2653789292,2026-08-29,21366
2660548454,2026-08-29,140308
2667143039,2026-08-29,55629
2691024387,2026-08-29,56649
2710894758,2026-08-29,16827
2717193796,2026-08-29,45854
2719075597,2026-08-29,56134
2735054420,2026-08-29,37649
2737603165,2026-08-29,39757
2738038455,2026-08-29,46730
2748029219,2026-08-29,137617
2766998502,2026-08-29,29473
2770440127,2026-08-29,35713
2774388842,2026-08-29,19377
2774987343,2026-08-29,17287
2775968897,2026-08-29,78734
2776070504,2026-08-29,36217
2783854641,2026-08-29,28299
2785989313,2026-08-29,22421
2786268200,2026-08-29,19416
2786371128,2026-08-29,26745
2791119024,2026-08-29,50681
2797095333,2026-08-29,52549
2806903835,2026-08-29,31221
2807759164,2026-08-29,51918
2807778592,2026-08-29,45719
2809216375,2026-08-29,30793
2809332037,2026-08-29,40102
2809452753,2026-08-29,15408
2810064268,2026-08-29,26020
2811907627,2026-08-29,36403
2812860898,2026-08-29,168046
2812925242,2026-08-29,56061
2814586266,2026-08-29,74896
2815767345,2026-08-29,23621
2819720352,2026-08-29,59952
2820330517,2026-08-29,24682
2822984099,2026-08-29,22851
2822984175,2026-08-29,22751
2825985873,2026-08-29,38496
2825986399,2026-08-29,27790
2829069506,2026-08-29,46432
2829069669,2026-08-29,33298
2830366252,2026-08-29,48228
2830996776,2026-08-29,34090
2831177989,2026-08-29,25255
2831178263,2026-08-29,22521
2837700978,2026-08-29,32139
2865408972,2026-08-29,28214
2871620925,2026-08-29,21526
2871980758,2026-08-29,23371
2874137992,2026-08-29,37147
2878075116,2026-08-29,26604
2885244355,2026-08-29,35522
2888119865,2026-08-29,47430
2897254807,2026-08-29,32619
2897373654,2026-08-29,24997
2902512011,2026-08-29,30314
2914220019,2026-08-29,21969
2919428234,2026-08-29,21250
2942679675,2026-08-29,24936
2948301103,2026-08-29,91303
2950661639,2026-08-29,20408
2951466817,2026-08-29,22614
2951652477,2026-08-29,27495
2956750503,2026-08-29,35828
2958421797,2026-08-29,23384
2960317218,2026-08-29,22566
2960574667,2026-08-29,24056
2976454692,2026-08-29,61417
2976527288,2026-08-29,114793
2976573664,2026-08-29,28234
2990642419,2026-08-29,46147
2994821528,2026-08-29,45597
3002188516,2026-08-29,126475
3032768344,2026-08-29,43227
3062038863,2026-08-29,51924
3065245398,2026-08-29,22276
3067902147,2026-08-29,64188
3079374348,2026-08-29,50873
3082164342,2026-08-29,60845
3086143878,2026-08-29,154825
3086154149,2026-08-29,88464
3090328185,2026-08-29,79140
3099975582,2026-08-29,43908
3142294658,2026-08-29,66859
3153706012,2026-08-29,110100
3173239930,2026-08-29,66035
3173319652,2026-08-29,27032
3181487775,2026-08-29,46545
3193699928,2026-08-29,32899
3195070547,2026-08-29,39057
3241119393,2026-08-29,90631
3243319558,2026-08-29,39431
3243731913,2026-08-29,29900
3245080043,2026-08-29,33237
3250900527,2026-08-29,35999
3330088804,2026-08-29,42918
3339549399,2026-08-29,32107
3359568450,2026-08-29,55512
3361978004,2026-08-29,27398
3385530791,2026-08-29,29712
3393552523,2026-08-29,35379
3405506592,2026-08-29,34019
3481775336,2026-08-29,41783
3482538734,2026-08-29,44666
3482693757,2026-08-29,35549
3491116708,2026-08-29,39201
3538765396,2026-08-29,36692
3575236236,2026-08-29,49574
681481647,2026-08-29,12608
681553348,2026-08-29,21276
681576508,2026-08-29,118992
681787759,2026-08-29,19055
681802702,2026-08-29,20023
681803404,2026-08-29,63720
681816257,2026-08-29,25407
682090850,2026-08-29,130485
682165224,2026-08-29,102403
682190594,2026-08-29,13468
682691478,2026-08-29,80187
682776251,2026-08-29,41681
682851228,2026-08-29,45145
683121431,2026-08-29,14720
683175110,2026-08-29,17881
683230077,2026-08-29,411957
683328031,2026-08-29,12432
683409704,2026-08-29,74233
683594024,2026-08-29,20360
684454645,2026-08-29,18488
684509615,2026-08-29,288921
685413774,2026-08-29,47792
686276531,2026-08-29,44458
686666244,2026-08-29,24615
686764629,2026-08-29,12465
686768193,2026-08-29,29266
687037851,2026-08-29,96877
687226658,2026-08-29,65522
687882799,2026-08-29,9485
688086068,2026-08-29,134779
688576380,2026-08-29,11792
689601294,2026-08-29,12470
690350384,2026-08-29,29286
691008512,2026-08-29,29183
692028161,2026-08-29,119720
692253918,2026-08-29,16052
692492543,2026-08-29,71897
693402022,2026-08-29,27320
693447055,2026-08-29,53098
695288963,2026-08-29,12907
696649459,2026-08-29,10129
696905076,2026-08-29,10770
697938908,2026-08-29,287669
701432146,2026-08-29,60691
701739734,2026-08-29,51041
703156866,2026-08-29,64769
707297106,2026-08-29,13881
708669421,2026-08-29,12999
710345134,2026-08-29,13816
711413459,2026-08-29,9374
711825958,2026-08-29,15785
717060367,2026-08-29,16990
718529178,2026-08-29,10557
719712462,2026-08-29,8143
720237457,2026-08-29,84495
721416416,2026-08-29,14308
723219794,2026-08-29,16340
725596168,2026-08-29,16604
727000451,2026-08-29,386996
731621473,2026-08-29,12674
734129025,2026-08-29,59560
734362182,2026-08-29,37270
739477966,2026-08-29,16031
741194923,2026-08-29,63998
741930256,2026-08-29,81249
750263062,2026-08-29,32980
751394361,2026-08-29,97744
760594284,2026-08-29,11503
765938943,2026-08-29,66884
768131386,2026-08-29,34612
774130053,2026-08-29,14914
775122094,2026-08-29,19736
775944333,2026-08-29,61947
776095610,2026-08-29,12079
784249404,2026-08-29,16160
785299768,2026-08-29,31259
790903721,2026-08-29,48555
791049007,2026-08-29,29522
792636965,2026-08-29,41797
796529957,2026-08-29,47371
796547578,2026-08-29,11011
799999383,2026-08-29,12617
803491311,2026-08-29,8987
803681792,2026-08-29,18252
804293993,2026-08-29,27633
804732593,2026-08-29,9789
810204739,2026-08-29,46330
810929902,2026-08-29,8386
814332008,2026-08-29,36974
815380349,2026-08-29,11644
819007550,2026-08-29,45856
819148835,2026-08-29,507697
822305739,2026-08-29,18650
825050563,2026-08-29,24949
828731704,2026-08-29,90357
830391521,2026-08-29,23775
840482374,2026-08-29,34481
844630489,2026-08-29,40501
850142603,2026-08-29,14179
850721710,2026-08-29,22483
852005580,2026-08-29,12461
855097786,2026-08-29,29668
861800679,2026-08-29,10612
864541681,2026-08-29,28679
865040033,2026-08-29,272272
872596925,2026-08-29,14636
873063455,2026-08-29,12493
876504304,2026-08-29,17239
878598475,2026-08-29,24899
881118424,2026-08-29,9796
886734961,2026-08-29,9385
899653076,2026-08-29,20207
899795759,2026-08-29,12146
899929086,2026-08-29,19017
901039859,2026-08-29,13763
901614896,2026-08-29,21326
902204150,2026-08-29,9314
902204956,2026-08-29,147464
902526212,2026-08-29,18808
903007094,2026-08-29,20139
904956708,2026-08-29,45094
906953618,2026-08-29,16458
908639878,2026-08-29,27168
909268717,2026-08-29,15018
909670231,2026-08-29,19934
910355834,2026-08-29,9070
910576007,2026-08-29,10935
910751973,2026-08-29,27100
914872677,2026-08-29,10205
915432220,2026-08-29,56985
922893821,2026-08-29,16604
924990631,2026-08-29,100997
937289339,2026-08-29,437311
943263656,2026-08-29,9661
946222466,2026-08-29,141876
948883955,2026-08-29,27878
953888861,2026-08-29,16614
1067631798,2026-08-30,116070
1074841707,2026-08-30,61294
1085097357,2026-08-30,23008
1085848794,2026-08-30,12255
1085907846,2026-08-30,20099
1087781345,2026-08-30,61876
1093279583,2026-08-30,27429
1093286611,2026-08-30,28066
1100284147,2026-08-30,204553
1107423111,2026-08-30,31458
1112740619,2026-08-30,23153
1121692237,2026-08-30,569233
1123086074,2026-08-30,31854
1128927140,2026-08-30,18490
1129879777,2026-08-30,24039
1140780022,2026-08-30,14595
1144654097,2026-08-30,25507
1173995428,2026-08-30,23696
1180299890,2026-08-30,20951
1181575896,2026-08-30,16314
1199002146,2026-08-30,310808
1210945403,2026-08-30,15595
1219847230,2026-08-30,32310
1223822935,2026-08-30,30202
1227620643,2026-08-30,178769
1230096820,2026-08-30,73861
1255617173,2026-08-30,15475
1261141644,2026-08-30,45606
1279836097,2026-08-30,14266
1286356239,2026-08-30,14539
1294720127,2026-08-30,12256
1302897684,2026-08-30,93957
1302967002,2026-08-30,8555
1302974986,2026-08-30,9257
1303807781,2026-08-30,11315
1311725711,2026-08-30,185878
1315017527,2026-08-30,20338
1315030839,2026-08-30,14896
1316044027,2026-08-30,8988
1317022177,2026-08-30,10355
1320989536,2026-08-30,26920
1321344591,2026-08-30,53187
1323750659,2026-08-30,9072
1324813584,2026-08-30,32673
1333526620,2026-08-30,64733
1340817672,2026-08-30,27476
1343811959,2026-08-30,40225
1346877266,2026-08-30,39724
1351268991,2026-08-30,18053
1351953375,2026-08-30,13711
1353547443,2026-08-30,42028
1355094979,2026-08-30,15778
1359700418,2026-08-30,24211
1360500017,2026-08-30,20375
1373224279,2026-08-30,13371
1374229669,2026-08-30,20601
1386911531,2026-08-30,24465
1395096076,2026-08-30,15299
1412637064,2026-08-30,9134
1414213153,2026-08-30,20978
1417984165,2026-08-30,11800
1419304439,2026-08-30,177168
1420427657,2026-08-30,14596
1440941890,2026-08-30,23156
1455861246,2026-08-30,42882
1467714013,2026-08-30,11527
1468105710,2026-08-30,45294
1468136930,2026-08-30,30831
1481972266,2026-08-30,63885
1492025820,2026-08-30,19969
1504307690,2026-08-30,92470
1506078758,2026-08-30,81937
1506079443,2026-08-30,42544
1506079770,2026-08-30,20936
1506080933,2026-08-30,21514
1506081116,2026-08-30,22179
1506081421,2026-08-30,93783
1506083796,2026-08-30,42179
1544526280,2026-08-30,8540
1566961776,2026-08-30,14418
1585106954,2026-08-30,16213
1586639570,2026-08-30,14790
1587178040,2026-08-30,93585
1588853224,2026-08-30,28332
1590362799,2026-08-30,31414
1591647610,2026-08-30,34980
1595876588,2026-08-30,354094
1607524900,2026-08-30,10417
1609801017,2026-08-30,13570
1610578060,2026-08-30,190783
1613766846,2026-08-30,8681
1616934635,2026-08-30,11688
1617534169,2026-08-30,38261
1623423360,2026-08-30,1243317
1623423504,2026-08-30,144629
1627919748,2026-08-30,15190
1628912584,2026-08-30,180452
1629519297,2026-08-30,29487
1630649870,2026-08-30,119151
1631985204,2026-08-30,18657
1635709389,2026-08-30,87765
1641168812,2026-08-30,12067
1641807098,2026-08-30,53595
1647628520,2026-08-30,20882
1649338884,2026-08-30,15878
1649442597,2026-08-30,49680
1651768817,2026-08-30,16263
1653043481,2026-08-30,9411
1688887083,2026-08-30,198610
1693982756,2026-08-30,41165
1712760331,2026-08-30,52774
1715190550,2026-08-30,80332
1720760712,2026-08-30,12447
1726290528,2026-08-30,24062
1732437279,2026-08-30,175747
1732447147,2026-08-30,190612
1740165239,2026-08-30,215257
1747099270,2026-08-30,211012
1747995732,2026-08-30,81597
1777266185,2026-08-30,17105
1780481482,2026-08-30,143912
1780597499,2026-08-30,30898
1790861374,2026-08-30,13788
1793768254,2026-08-30,93410
1813390120,2026-08-30,27811
1818025496,2026-08-30,68681
1828891972,2026-08-30,13889
1834433554,2026-08-30,34860
1836457943,2026-08-30,46284
1863514508,2026-08-30,34854
1866576239,2026-08-30,123040
1873097578,2026-08-30,71054
1878473679,2026-08-30,244311
1878601358,2026-08-30,21806
1880071041,2026-08-30,43035
1885775216,2026-08-30,47013
1885791325,2026-08-30,8543
1886496498,2026-08-30,45213
1887282318,2026-08-30,133273
1890399946,2026-08-30,181449
1899061789,2026-08-30,48578
1900830460,2026-08-30,36893
1915620447,2026-08-30,82386
1915625799,2026-08-30,22874
1918281610,2026-08-30,85945
1922397818,2026-08-30,14798
1923444292,2026-08-30,19529
1928831043,2026-08-30,88473
1934610438,2026-08-30,26329
1943060017,2026-08-30,12411
1944445511,2026-08-30,23290
1961723204,2026-08-30,38590
1962426321,2026-08-30,23798
1970249743,2026-08-30,187427
1988230377,2026-08-30,18667
1990646390,2026-08-30,7393
1993018111,2026-08-30,67284
1993869579,2026-08-30,98770
1995601384,2026-08-30,63155
1998204784,2026-08-30,78382
1999328266,2026-08-30,81234
2001695790,2026-08-30,19337
2017870391,2026-08-30,13068
2017891552,2026-08-30,27795
2019845637,2026-08-30,14610
2019852305,2026-08-30,14546
2024528246,2026-08-30,33862
2025131190,2026-08-30,44569
2026330346,2026-08-30,9367
2026367756,2026-08-30,42893
2027015321,2026-08-30,212904
2027051983,2026-08-30,43672
2028826064,2026-08-30,17091
2030472413,2026-08-30,57726
2032118923,2026-08-30,20639
2037107797,2026-08-30,13911
2038973356,2026-08-30,23444
2044599287,2026-08-30,28438
2047260446,2026-08-30,52288
2054717582,2026-08-30,17538
2058219282,2026-08-30,11990
2059474384,2026-08-30,20366
2060393654,2026-08-30,19447
2062843706,2026-08-30,18916
2062846721,2026-08-30,20762
2062849120,2026-08-30,24367
2066393985,2026-08-30,28732
2068768158,2026-08-30,30703
2070082709,2026-08-30,40654
2077186491,2026-08-30,197324
2079926133,2026-08-30,37363
2096162410,2026-08-30,38786
2097152337,2026-08-30,12100
2104495359,2026-08-30,19540
2104538771,2026-08-30,36475
2116422940,2026-08-30,92173
2123646681,2026-08-30,20817
2130835957,2026-08-30,25326
2131014154,2026-08-30,268018
2147847286,2026-08-30,20378
2148259818,2026-08-30,39673
2160610678,2026-08-30,20127
2174082869,2026-08-30,33634
2178603631,2026-08-30,47290
2183551683,2026-08-30,33304
2184737698,2026-08-30,37225
2195523300,2026-08-30,69803
2202461067,2026-08-30,27535
2218335517,2026-08-30,21393
2219070393,2026-08-30,10515
2234187039,2026-08-30,47798
2244483797,2026-08-30,52353
2250100617,2026-08-30,28536
2257071139,2026-08-30,21002
2261313592,2026-08-30,30768
2268189539,2026-08-30,24967
2268843111,2026-08-30,24184
2280945168,2026-08-30,28181
2284514368,2026-08-30,153330
2288335512,2026-08-30,64274
2293169684,2026-08-30,22263
2293827000,2026-08-30,28053
2305790641,2026-08-30,27069
2306455054,2026-08-30,67013
2354506714,2026-08-30,22133
2389164674,2026-08-30,24581
2389589691,2026-08-30,110113
2407436476,2026-08-30,129380
2409044128,2026-08-30,105347
2409209888,2026-08-30,223069
2409276081,2026-08-30,223286
2409550266,2026-08-30,10947
2411774658,2026-08-30,23562
2411818376,2026-08-30,258951
2417206619,2026-08-30,15399
2423471739,2026-08-30,50371
2434790082,2026-08-30,21347
2436408502,2026-08-30,16656
2436969913,2026-08-30,28763
2438313459,2026-08-30,185583
2441507863,2026-08-30,34893
2458024521,2026-08-30,43194
2458217640,2026-08-30,32066
2458588018,2026-08-30,14372
2458655721,2026-08-30,34961
2458656056,2026-08-30,69596
2458928927,2026-08-30,38898
2459872857,2026-08-30,25705
2461014769,2026-08-30,84373
2461999384,2026-08-30,35380
2466511041,2026-08-30,36614
2466607238,2026-08-30,307622
2475302050,2026-08-30,266763
2475617894,2026-08-30,107748
2476102240,2026-08-30,24674
2490492573,2026-08-30,19562
2494712590,2026-08-30,29719
2502673650,2026-08-30,48536
2508704523,2026-08-30,15997
2512317259,2026-08-30,34472
2512980560,2026-08-30,30129
2514556383,2026-08-30,40117
2517213262,2026-08-30,41753
2520977707,2026-08-30,32249
2523234322,2026-08-30,15444
2529002857,2026-08-30,99591
2529105358,2026-08-30,37709
2548912050,2026-08-30,14686
2555609401,2026-08-30,120689
2558590111,2026-08-30,12308
2559962615,2026-08-30,23824
2571844795,2026-08-30,19875
2572843550,2026-08-30,57978
2574175110,2026-08-30,33381
2576362573,2026-08-30,31713
2579303396,2026-08-30,63994
2582937730,2026-08-30,77616
2583755721,2026-08-30,65059
2584338908,2026-08-30,39269
2598875789,2026-08-30,43234
2602025201,2026-08-30,21869
2603031001,2026-08-30,111058
2604778880,2026-08-30,36651
2607042792,2026-08-30,19071
2608299476,2026-08-30,33262
2614472081,2026-08-30,25032
2619478648,2026-08-30,15673
2620089636,2026-08-30,24433
2621840890,2026-08-30,22016
2622652746,2026-08-30,65202
2626285356,2026-08-30,35430
2627609414,2026-08-30,20354
2631211703,2026-08-30,43090
2633444661,2026-08-30,49262
2635012115,2026-08-30,21006
2641256974,2026-08-30,78449
2645707091,2026-08-30,59466
2646410054,2026-08-30,27150
2648658105,2026-08-30,72837
2652578379,2026-08-30,25774
2660548454,2026-08-30,140424
2667143039,2026-08-30,55666
2691024387,2026-08-30,56757
2710894758,2026-08-30,16817
2717193796,2026-08-30,45741
2719075597,2026-08-30,56239
2735054420,2026-08-30,37671
2737603165,2026-08-30,39720
2738038455,2026-08-30,46682
2748029219,2026-08-30,137736
2766998502,2026-08-30,29563
2770440127,2026-08-30,35664
2774388842,2026-08-30,19338
2774987343,2026-08-30,17272
2775968897,2026-08-30,78910
2776070504,2026-08-30,36294
2783854641,2026-08-30,28367
2785989313,2026-08-30,22393
2786268200,2026-08-30,19366
2786371128,2026-08-30,26685
2791119024,2026-08-30,50669
2797095333,2026-08-30,52510
2806903835,2026-08-30,31290
2807759164,2026-08-30,51791
2807778592,2026-08-30,45550
2809216375,2026-08-30,30796
2809332037,2026-08-30,40085
2810064268,2026-08-30,26027
2811907627,2026-08-30,36430
2812860898,2026-08-30,168338
2812925242,2026-08-30,56127
2814586266,2026-08-30,74861
2815767345,2026-08-30,23611
2819720352,2026-08-30,60027
2820330517,2026-08-30,24753
2822984099,2026-08-30,22859
2822984175,2026-08-30,22766
2825985873,2026-08-30,38523
2825986399,2026-08-30,27820
2829069506,2026-08-30,46447
2829069669,2026-08-30,33326
2830366252,2026-08-30,48138
2830996776,2026-08-30,34185
2831177989,2026-08-30,25275
2831178263,2026-08-30,22536
2837700978,2026-08-30,32080
2865408972,2026-08-30,28291
2871620925,2026-08-30,21474
2874137992,2026-08-30,37173
2878075116,2026-08-30,26638
2885244355,2026-08-30,35541
2888119865,2026-08-30,47371
2897254807,2026-08-30,32596
2897373654,2026-08-30,25015
2902512011,2026-08-30,30238
2914220019,2026-08-30,21865
2942679675,2026-08-30,24946
2948301103,2026-08-30,91324
2951466817,2026-08-30,22551
2951652477,2026-08-30,27431
2956750503,2026-08-30,35856
2958421797,2026-08-30,23319
2960574667,2026-08-30,24075
2976454692,2026-08-30,61462
2976527288,2026-08-30,114978
2976573664,2026-08-30,28207
2990642419,2026-08-30,46155
2994821528,2026-08-30,45635
3002188516,2026-08-30,126774
3032768344,2026-08-30,43347
3062038863,2026-08-30,51715
3065245398,2026-08-30,22271
3067902147,2026-08-30,64367
3079374348,2026-08-30,50658
3082164342,2026-08-30,60984
3086143878,2026-08-30,155346
3086154149,2026-08-30,88941
3090328185,2026-08-30,79397
3099975582,2026-08-30,43941
3142294658,2026-08-30,66999
3153706012,2026-08-30,110316
3173239930,2026-08-30,66180
3181487775,2026-08-30,46459
3193699928,2026-08-30,32812
3195070547,2026-08-30,39027
3241119393,2026-08-30,90810
3243319558,2026-08-30,39535
3245080043,2026-08-30,33253
3250900527,2026-08-30,35996
3330088804,2026-08-30,43112
3359568450,2026-08-30,56111
3393552523,2026-08-30,35486
3405506592,2026-08-30,33991
3481775336,2026-08-30,41949
3482538734,2026-08-30,44841
3482693757,2026-08-30,35669
3491116708,2026-08-30,39373
3575236236,2026-08-30,49955
681481647,2026-08-30,12599
681553348,2026-08-30,21260
681576508,2026-08-30,118974
681787759,2026-08-30,19044
681802702,2026-08-30,20008
681803404,2026-08-30,63709
681816257,2026-08-30,25394
682090850,2026-08-30,130447
682165224,2026-08-30,102348
682691478,2026-08-30,80175
682776251,2026-08-30,41669
682851228,2026-08-30,45238
683121431,2026-08-30,14708
683175110,2026-08-30,17866
683230077,2026-08-30,412150
683328031,2026-08-30,12416
683409704,2026-08-30,74205
683594024,2026-08-30,20413
684454645,2026-08-30,18481
684509615,2026-08-30,288730
685413774,2026-08-30,47786
686276531,2026-08-30,44428
686666244,2026-08-30,24598
686764629,2026-08-30,12459
686768193,2026-08-30,29265
687037851,2026-08-30,96840
687226658,2026-08-30,65531
687882799,2026-08-30,9478
688086068,2026-08-30,134774
688576380,2026-08-30,11783
690350384,2026-08-30,29257
691008512,2026-08-30,29165
692028161,2026-08-30,119663
692253918,2026-08-30,16026
692492543,2026-08-30,71883
693402022,2026-08-30,27309
693447055,2026-08-30,53067
696649459,2026-08-30,10126
696905076,2026-08-30,10763
697938908,2026-08-30,287690
701432146,2026-08-30,60729
701739734,2026-08-30,51026
703156866,2026-08-30,64814
707297106,2026-08-30,13866
708669421,2026-08-30,12996
710345134,2026-08-30,13812
711413459,2026-08-30,9363
711825958,2026-08-30,15780
718529178,2026-08-30,10550
719712462,2026-08-30,8139
720237457,2026-08-30,84458
721416416,2026-08-30,14299
723219794,2026-08-30,16334
725596168,2026-08-30,16596
727000451,2026-08-30,387186
731621473,2026-08-30,12668
734129025,2026-08-30,59539
734362182,2026-08-30,37244
739477966,2026-08-30,16017
741194923,2026-08-30,63955
741930256,2026-08-30,81199
750263062,2026-08-30,32958
751394361,2026-08-30,97727
760594284,2026-08-30,11487
765938943,2026-08-30,66832
768131386,2026-08-30,34593
774130053,2026-08-30,14895
775122094,2026-08-30,19723
775944333,2026-08-30,61906
776095610,2026-08-30,12070
784249404,2026-08-30,16151
785299768,2026-08-30,31246
790903721,2026-08-30,48521
791049007,2026-08-30,29504
792636965,2026-08-30,41780
796529957,2026-08-30,47336
799999383,2026-08-30,12607
803491311,2026-08-30,8982
803681792,2026-08-30,18240
804293993,2026-08-30,27611
804732593,2026-08-30,9776
810204739,2026-08-30,46299
810929902,2026-08-30,8375
814332008,2026-08-30,36934
815380349,2026-08-30,11634
819007550,2026-08-30,45823
819148835,2026-08-30,507984
822305739,2026-08-30,18641
825050563,2026-08-30,24943
828731704,2026-08-30,90344
830391521,2026-08-30,23758
840482374,2026-08-30,34477
844630489,2026-08-30,40480
850142603,2026-08-30,14163
850721710,2026-08-30,22451
852005580,2026-08-30,12448
855097786,2026-08-30,29679
861800679,2026-08-30,10608
864541681,2026-08-30,28646
865040033,2026-08-30,272411
872596925,2026-08-30,14625
876504304,2026-08-30,17235
878598475,2026-08-30,24879
881118424,2026-08-30,9794
899653076,2026-08-30,20190
899795759,2026-08-30,12132
899929086,2026-08-30,18997
901039859,2026-08-30,13746
901614896,2026-08-30,21314
902204150,2026-08-30,9310
902204956,2026-08-30,147399
902526212,2026-08-30,18808
903007094,2026-08-30,20128
904956708,2026-08-30,45066
906953618,2026-08-30,16447
908639878,2026-08-30,27143
909268717,2026-08-30,15015
909670231,2026-08-30,19903
910355834,2026-08-30,9064
910576007,2026-08-30,10941
910751973,2026-08-30,27049
914872677,2026-08-30,10196
915432220,2026-08-30,56973
922893821,2026-08-30,16585
924990631,2026-08-30,100919
937289339,2026-08-30,437683
946222466,2026-08-30,141960
948883955,2026-08-30,27859
953888861,2026-08-30,16580
1067631798,2026-08-31,116153
1074841707,2026-08-31,61250
1085097357,2026-08-31,22988
1085848794,2026-08-31,12252
1085907846,2026-08-31,20081
1087781345,2026-08-31,61866
1093279583,2026-08-31,27430
1093286611,2026-08-31,28065
1098915405,2026-08-31,7350
1100284147,2026-08-31,204800
1107423111,2026-08-31,31461
1112740619,2026-08-31,23136
1121692237,2026-08-31,569806
1123086074,2026-08-31,31831
1126014321,2026-08-31,11628
1128927140,2026-08-31,18476
1129879777,2026-08-31,24038
1140780022,2026-08-31,14593
1142142725,2026-08-31,13294
1144654097,2026-08-31,25493
1159908355,2026-08-31,11238
1160316076,2026-08-31,9815
1168376022,2026-08-31,9359
1170859543,2026-08-31,8386
1173995428,2026-08-31,23671
1180299890,2026-08-31,20951
1181575896,2026-08-31,16311
1199002146,2026-08-31,311139
1210945403,2026-08-31,15588
1212536129,2026-08-31,7791
1215611424,2026-08-31,15064
1219847230,2026-08-31,32282
1223822935,2026-08-31,30203
1227620643,2026-08-31,178709
1230096820,2026-08-31,73814
1234426616,2026-08-31,19736
1239558744,2026-08-31,10584
1242221332,2026-08-31,7438
1249001485,2026-08-31,11968
1255617173,2026-08-31,15474
1261141644,2026-08-31,45572
1279836097,2026-08-31,14259
1286356239,2026-08-31,14560
1294720127,2026-08-31,12257
1299739260,2026-08-31,5799
1302897684,2026-08-31,93944
1302967002,2026-08-31,8553
1302974986,2026-08-31,9250
1303807781,2026-08-31,11308
1310381862,2026-08-31,10103
1310670900,2026-08-31,6503
1311725711,2026-08-31,186096
1313065097,2026-08-31,3746
1314648742,2026-08-31,5068
1314805272,2026-08-31,7638
1315017527,2026-08-31,20329
1315030839,2026-08-31,14887
1316044027,2026-08-31,8986
1317022177,2026-08-31,10350
1319264195,2026-08-31,10235
1320158755,2026-08-31,16709
1320989536,2026-08-31,26922
1321344591,2026-08-31,53238
1322023193,2026-08-31,6963
1323750659,2026-08-31,9069
1324813584,2026-08-31,32652
1327874725,2026-08-31,12749
1328104435,2026-08-31,11134
1333526620,2026-08-31,64753
1336349704,2026-08-31,13143
1340817672,2026-08-31,27477
1343811959,2026-08-31,40238
1346877266,2026-08-31,39689
1351268991,2026-08-31,18044
1351653132,2026-08-31,6972
1351953375,2026-08-31,13706
1353547443,2026-08-31,42063
1355094979,2026-08-31,15769
1359700418,2026-08-31,24212
1360500017,2026-08-31,20368
1365485813,2026-08-31,5488
1366244440,2026-08-31,5996
1373224279,2026-08-31,13363
1374229669,2026-08-31,20584
1381214767,2026-08-31,12229
1385175538,2026-08-31,9835
1386911531,2026-08-31,24464
1390963071,2026-08-31,6388
1394094004,2026-08-31,11362
1395096076,2026-08-31,15293
1399069277,2026-08-31,10273
1400726514,2026-08-31,4369
1412637064,2026-08-31,9127
1414213153,2026-08-31,20959
1417984165,2026-08-31,11793
1419304439,2026-08-31,177339
1420427657,2026-08-31,14587
1436141067,2026-08-31,7063
1439513019,2026-08-31,6878
1440941890,2026-08-31,23128
1445668908,2026-08-31,8404
1455861246,2026-08-31,42812
1467714013,2026-08-31,11523
1468105710,2026-08-31,45322
1468136930,2026-08-31,30840
1481972266,2026-08-31,63869
1489142966,2026-08-31,10255
1492025820,2026-08-31,19969
1504307690,2026-08-31,92538
1506078758,2026-08-31,81872
1506079443,2026-08-31,42517
1506079770,2026-08-31,20913
1506080933,2026-08-31,21487
1506081116,2026-08-31,22168
1506081421,2026-08-31,93677
1506083796,2026-08-31,42146
1506085043,2026-08-31,14978
1509094777,2026-08-31,5067
1511046299,2026-08-31,7408
1523039190,2026-08-31,7878
1524724960,2026-08-31,7624
1544526280,2026-08-31,8538
1566822652,2026-08-31,11361
1566961776,2026-08-31,14414
1575843310,2026-08-31,7372
1584361127,2026-08-31,7311
1585106954,2026-08-31,16201
1586639570,2026-08-31,14776
1587178040,2026-08-31,93451
1588853224,2026-08-31,28313
1590362799,2026-08-31,31407
1591647610,2026-08-31,34984
1592149666,2026-08-31,10123
1595876588,2026-08-31,354423
1597881336,2026-08-31,14658
1607524900,2026-08-31,10411
1609801017,2026-08-31,13560
1610578060,2026-08-31,190596
1612679489,2026-08-31,7524
1613766846,2026-08-31,8674
1614701435,2026-08-31,14744
1616934635,2026-08-31,11684
1617534169,2026-08-31,38235
1620838511,2026-08-31,13964
1623423360,2026-08-31,1244657
1623423504,2026-08-31,144758
1627919748,2026-08-31,15175
1628912584,2026-08-31,180664
1629519297,2026-08-31,29453
1630649870,2026-08-31,118923
1630977779,2026-08-31,6815
1631985204,2026-08-31,18654
1633386532,2026-08-31,6150
1635116455,2026-08-31,13370
1635709389,2026-08-31,87863
1636492142,2026-08-31,6659
1637053139,2026-08-31,7386
1641168812,2026-08-31,12059
1641807098,2026-08-31,53593
1647628520,2026-08-31,20837
1649338884,2026-08-31,15862
1649442597,2026-08-31,49751
1651768817,2026-08-31,16260
1653043481,2026-08-31,9405
1659533826,2026-08-31,7619
1660102639,2026-08-31,9197
1660235095,2026-08-31,7419
1661428827,2026-08-31,17671
1665106451,2026-08-31,18414
1688887083,2026-08-31,198594
1690425831,2026-08-31,5303
1693982756,2026-08-31,41101
1701529356,2026-08-31,6687
1708335879,2026-08-31,12671
1712760331,2026-08-31,52714
1715190550,2026-08-31,80223
1715523918,2026-08-31,9706
1717781690,2026-08-31,7335
1720760712,2026-08-31,12440
1726290528,2026-08-31,24039
1732437279,2026-08-31,175859
1732447147,2026-08-31,190667
1740165239,2026-08-31,215289
1742527573,2026-08-31,5006
1743133825,2026-08-31,4898
1747099270,2026-08-31,211158
1747995732,2026-08-31,81555
1748517193,2026-08-31,8299
1754875978,2026-08-31,11428
1761353630,2026-08-31,10245
1762062219,2026-08-31,7038
1771058495,2026-08-31,5576
1773441054,2026-08-31,5528
1777266185,2026-08-31,17088
1780481482,2026-08-31,144106
1780597499,2026-08-31,30870
1786095925,2026-08-31,12520
1790861374,2026-08-31,13778
1793768254,2026-08-31,93471
1796418794,2026-08-31,14559
1813104049,2026-08-31,7896
1813390120,2026-08-31,27785
1818025496,2026-08-31,68684
1819594115,2026-08-31,7174
1828891972,2026-08-31,13877
1834433554,2026-08-31,34906
1836457943,2026-08-31,46223
1843305631,2026-08-31,7959
1844363786,2026-08-31,5468
1848976806,2026-08-31,14268
1863514508,2026-08-31,34823
1866576239,2026-08-31,123040
1867143071,2026-08-31,7093
1871684873,2026-08-31,18862
1873097578,2026-08-31,71084
1878473679,2026-08-31,244483
1878601358,2026-08-31,21772
1880071041,2026-08-31,43068
1885775216,2026-08-31,46956
1885791325,2026-08-31,8536
1886496498,2026-08-31,45207
1887282318,2026-08-31,133421
1890399946,2026-08-31,181558
1890873104,2026-08-31,21820
1892802718,2026-08-31,7023
1893193650,2026-08-31,8483
1899061789,2026-08-31,48532
1900830460,2026-08-31,36868
1902551988,2026-08-31,9101
1915620447,2026-08-31,82472
1915625799,2026-08-31,22841
1918281610,2026-08-31,85990
1922397818,2026-08-31,14790
1923444292,2026-08-31,19524
1928831043,2026-08-31,88363
1934610438,2026-08-31,26313
1943060017,2026-08-31,12407
1944445511,2026-08-31,23270
1961367151,2026-08-31,8309
1961723204,2026-08-31,38570
1962426321,2026-08-31,23769
1970249743,2026-08-31,187444
1978311827,2026-08-31,9277
1988230377,2026-08-31,18656
1990079757,2026-08-31,4902
1990646390,2026-08-31,7391
1991568775,2026-08-31,16506
1992015610,2026-08-31,4815
1993018111,2026-08-31,67356
1993869579,2026-08-31,98668
1995601384,2026-08-31,63030
1998204784,2026-08-31,78258
1999328266,2026-08-31,81150
1999512770,2026-08-31,15905
2001695790,2026-08-31,19318
2008054135,2026-08-31,15935
2017870391,2026-08-31,13060
2017891552,2026-08-31,27744
2019845637,2026-08-31,14607
2019852305,2026-08-31,14544
2019865539,2026-08-31,9591
2020164764,2026-08-31,14603
2024528246,2026-08-31,33820
2025131190,2026-08-31,44604
2026330346,2026-08-31,9359
2026367756,2026-08-31,42938
2027001560,2026-08-31,9477
2027015321,2026-08-31,212989
2027051983,2026-08-31,43665
2028670202,2026-08-31,9945
2028826064,2026-08-31,17067
2029267357,2026-08-31,4747
2030472413,2026-08-31,57654
2031609146,2026-08-31,9996
2032118923,2026-08-31,20638
2036051710,2026-08-31,5383
2037107797,2026-08-31,13922
2038973356,2026-08-31,23429
2042882182,2026-08-31,8083
2044053450,2026-08-31,6609
2044599287,2026-08-31,28409
2047260446,2026-08-31,52319
2054717582,2026-08-31,17528
2058219282,2026-08-31,11981
2059474384,2026-08-31,20362
2060393654,2026-08-31,19431
2062843706,2026-08-31,18897
2062846721,2026-08-31,20744
2062849120,2026-08-31,24326
2065121501,2026-08-31,5813
2066393985,2026-08-31,28715
2066815588,2026-08-31,11259
2068768158,2026-08-31,30720
2070082709,2026-08-31,40653
2077186491,2026-08-31,197197
2079926133,2026-08-31,37340
2096162410,2026-08-31,38717
2097152337,2026-08-31,12093
2104240928,2026-08-31,4523
2104495359,2026-08-31,19512
2104538771,2026-08-31,36490
2106506823,2026-08-31,7098
2113865264,2026-08-31,19684
2116422940,2026-08-31,92179
2123646681,2026-08-31,20808
2130835957,2026-08-31,25291
2131014154,2026-08-31,268319
2136166095,2026-08-31,15871
2145844864,2026-08-31,11604
2147847286,2026-08-31,20352
2148259818,2026-08-31,39712
2160610678,2026-08-31,20144
2174082869,2026-08-31,33598
2177145527,2026-08-31,15631
2178603631,2026-08-31,47407
2183551683,2026-08-31,33301
2184737698,2026-08-31,37291
2187470106,2026-08-31,5131
2195523300,2026-08-31,69736
2202461067,2026-08-31,27511
2218335517,2026-08-31,21374
2219070393,2026-08-31,10504
2219753980,2026-08-31,5728
2234187039,2026-08-31,47791
2239515632,2026-08-31,8638
2244483797,2026-08-31,52334
2247427791,2026-08-31,9163
2250100617,2026-08-31,28566
2252156569,2026-08-31,7511
2252191029,2026-08-31,12813
2257071139,2026-08-31,21000
2257643981,2026-08-31,12418
2261313592,2026-08-31,30750
2268189539,2026-08-31,24946
2268843111,2026-08-31,24209
2274356555,2026-08-31,9182
2280945168,2026-08-31,28191
2284514368,2026-08-31,153421
2288335512,2026-08-31,64356
2293169684,2026-08-31,22243
2293827000,2026-08-31,28099
2305790641,2026-08-31,27055
2306455054,2026-08-31,67035
2310338497,2026-08-31,6572
2310933502,2026-08-31,13975
2332047637,2026-08-31,14572
2354506714,2026-08-31,22130
2360265002,2026-08-31,10257
2377505917,2026-08-31,18323
2389164674,2026-08-31,24582
2389589691,2026-08-31,110197
2400964705,2026-08-31,16925
2407436476,2026-08-31,129480
2409044128,2026-08-31,105543
2409209888,2026-08-31,223478
2409276081,2026-08-31,223843
2409550266,2026-08-31,10938
2411756240,2026-08-31,6830
2411774658,2026-08-31,23602
2411818376,2026-08-31,259181
2417206619,2026-08-31,15381
2423471739,2026-08-31,50398
2434790082,2026-08-31,21344
2436408502,2026-08-31,16637
2436969913,2026-08-31,28757
2438313459,2026-08-31,185708
2441507863,2026-08-31,34836
2444803936,2026-08-31,12899
2448240735,2026-08-31,15683
2458024521,2026-08-31,43149
2458217640,2026-08-31,32085
2458588018,2026-08-31,14363
2458655721,2026-08-31,34977
2458656056,2026-08-31,69701
2458746718,2026-08-31,8526
2458928927,2026-08-31,38898
2459872857,2026-08-31,25730
2461014769,2026-08-31,84455
2461999384,2026-08-31,35407
2465534550,2026-08-31,11550
2465534699,2026-08-31,11786
2466510521,2026-08-31,16983
2466511041,2026-08-31,36660
2466607238,2026-08-31,308091
2475302050,2026-08-31,267224
2475617894,2026-08-31,107888
2476102240,2026-08-31,24648
2481973185,2026-08-31,14924
2490492573,2026-08-31,19550
2491283817,2026-08-31,11461
2494712590,2026-08-31,29690
2498990660,2026-08-31,10171
2502673650,2026-08-31,48476
2508704523,2026-08-31,15972
2512317259,2026-08-31,34524
2512980560,2026-08-31,30117
2514556383,2026-08-31,40125
2517213262,2026-08-31,41794
2520977707,2026-08-31,32226
2523234322,2026-08-31,15422
2525278602,2026-08-31,18764
2529002857,2026-08-31,99444
2529105358,2026-08-31,37697
2537406790,2026-08-31,19132
2544958612,2026-08-31,14138
2548912050,2026-08-31,14671
2555609401,2026-08-31,120538
2558262194,2026-08-31,10389
2558590111,2026-08-31,12295
2559962615,2026-08-31,23807
2571844795,2026-08-31,19879
2572843550,2026-08-31,57940
2574175110,2026-08-31,33381
2576362573,2026-08-31,31680
2579303396,2026-08-31,63968
2582937730,2026-08-31,77809
2583755721,2026-08-31,64866
2584338908,2026-08-31,39239
2598875789,2026-08-31,43210
2602025201,2026-08-31,21857
2603031001,2026-08-31,111049
2603957954,2026-08-31,10921
2604778880,2026-08-31,36678
2607042792,2026-08-31,19052
2608299248,2026-08-31,18309
2608299476,2026-08-31,33270
2608435724,2026-08-31,14508
2609450219,2026-08-31,9218
2614472081,2026-08-31,25045
2616955720,2026-08-31,12878
2618143990,2026-08-31,20140
2619478648,2026-08-31,15672
2620089636,2026-08-31,24436
2621840890,2026-08-31,21996
2622652746,2026-08-31,65251
2626285356,2026-08-31,35536
2627609414,2026-08-31,20318
2628611107,2026-08-31,12897
2629543194,2026-08-31,20480
2631211703,2026-08-31,43032
2633444661,2026-08-31,49346
2635012115,2026-08-31,21004
2641256974,2026-08-31,78510
2644238920,2026-08-31,13321
2645707091,2026-08-31,59409
2646410054,2026-08-31,27129
2648658105,2026-08-31,73091
2652578379,2026-08-31,25754
2653699311,2026-08-31,16747
2653789292,2026-08-31,21514
2660548454,2026-08-31,140662
2662937312,2026-08-31,21130
2667143039,2026-08-31,55735
2667595705,2026-08-31,14349
2672884318,2026-08-31,16175
2679512490,2026-08-31,12133
2683475897,2026-08-31,13534
2687653241,2026-08-31,14959
2689020223,2026-08-31,17936
2691024387,2026-08-31,56915
2702005349,2026-08-31,15367
2710894758,2026-08-31,16821
2717193796,2026-08-31,45614
2719075597,2026-08-31,56327
2728498280,2026-08-31,14149
2735054420,2026-08-31,37704
2737603165,2026-08-31,39683
2738038455,2026-08-31,46675
2743333016,2026-08-31,16897
2745386732,2026-08-31,11632
2748029219,2026-08-31,137968
2754319969,2026-08-31,26893
2765125322,2026-08-31,14274
2766998502,2026-08-31,29631
2769148429,2026-08-31,12007
2770440127,2026-08-31,35656
2774388842,2026-08-31,19320
2774987343,2026-08-31,17260
2775968897,2026-08-31,79049
2776070504,2026-08-31,36365
2783854641,2026-08-31,28384
2784337730,2026-08-31,10665
2785777242,2026-08-31,12130
2785989313,2026-08-31,22388
2786268200,2026-08-31,19331
2786371128,2026-08-31,26668
2787727603,2026-08-31,14967
2788827517,2026-08-31,13877
2791119024,2026-08-31,50675
2797095333,2026-08-31,52494
2804194007,2026-08-31,13985
2806737895,2026-08-31,11329
2806903835,2026-08-31,31322
2807759164,2026-08-31,51654
2807778592,2026-08-31,45373
2808486613,2026-08-31,23638
2809216375,2026-08-31,30784
2809332037,2026-08-31,40103
2809452753,2026-08-31,15342
2810064268,2026-08-31,26029
2811907627,2026-08-31,36480
2812860898,2026-08-31,168723
2812925242,2026-08-31,56234
2813707242,2026-08-31,11376
2814586266,2026-08-31,74836
2815767345,2026-08-31,23629
2816360131,2026-08-31,20485
2819720352,2026-08-31,60114
2820330517,2026-08-31,24782
2821014992,2026-08-31,16030
2821711162,2026-08-31,15293
2822984099,2026-08-31,22871
2822984175,2026-08-31,22790
2825985873,2026-08-31,38540
2825986399,2026-08-31,27844
2829069506,2026-08-31,46524
2829069669,2026-08-31,33348
2830366252,2026-08-31,48038
2830996776,2026-08-31,34252
2830996883,2026-08-31,20180
2831177989,2026-08-31,25291
2831178263,2026-08-31,22557
2837700978,2026-08-31,32078
2838470527,2026-08-31,8843
2841481791,2026-08-31,28808
2847901464,2026-08-31,14700
2854596966,2026-08-31,11341
2856821840,2026-08-31,20040
2865408972,2026-08-31,28347
2866658484,2026-08-31,12977
2868168109,2026-08-31,11566
2868514243,2026-08-31,11000
2868680633,2026-08-31,11616
2871620925,2026-08-31,21483
2871980758,2026-08-31,23390
2871981062,2026-08-31,20535
2873057249,2026-08-31,19211
2874137992,2026-08-31,37248
2878075116,2026-08-31,26679
2885244355,2026-08-31,35549
2888119865,2026-08-31,47365
2897254807,2026-08-31,32604
2897373654,2026-08-31,25063
2902512011,2026-08-31,30193
2909582424,2026-08-31,23690
2914220019,2026-08-31,21814
2916082557,2026-08-31,12488
2916982793,2026-08-31,14937
2919428234,2026-08-31,21235
2930369811,2026-08-31,15764
2932808239,2026-08-31,12692
2934387908,2026-08-31,15865
2935276961,2026-08-31,13114
2941031061,2026-08-31,25145
2942679675,2026-08-31,24940
2945629971,2026-08-31,15507
2945942583,2026-08-31,12504
2946000546,2026-08-31,36406
2948301103,2026-08-31,91372
2950661639,2026-08-31,20372
2951466817,2026-08-31,22519
2951652477,2026-08-31,27402
2954963007,2026-08-31,21325
2955341502,2026-08-31,21194
2956750257,2026-08-31,24703
2956750503,2026-08-31,35855
2958421797,2026-08-31,23285
2960317218,2026-08-31,22642
2960574667,2026-08-31,24088
2976454692,2026-08-31,61548
2976527288,2026-08-31,115210
2976573664,2026-08-31,28185
2979089967,2026-08-31,14774
2982710154,2026-08-31,22057
2990642419,2026-08-31,46159
2994821528,2026-08-31,45655
2997295407,2026-08-31,30667
3002188516,2026-08-31,127149
3003219188,2026-08-31,22067
3005307317,2026-08-31,16384
3011811483,2026-08-31,15009
3032768344,2026-08-31,43413
3039370479,2026-08-31,25113
3051471269,2026-08-31,18201
3062038863,2026-08-31,51492
3065245398,2026-08-31,22273
3067902147,2026-08-31,64487
3079374348,2026-08-31,50414
3082164342,2026-08-31,61108
3086143878,2026-08-31,155976
3086154149,2026-08-31,89455
3090328185,2026-08-31,79724
3099975582,2026-08-31,43956
3108330591,2026-08-31,22495
3109481596,2026-08-31,15475
3110808560,2026-08-31,18282
3142294658,2026-08-31,67098
3153706012,2026-08-31,110605
3163759042,2026-08-31,20209
3173205208,2026-08-31,20156
3173239930,2026-08-31,66300
3173319652,2026-08-31,27035
3181487775,2026-08-31,46406
3193699928,2026-08-31,32771
3195070547,2026-08-31,39022
3241119393,2026-08-31,90944
3241734509,2026-08-31,16637
3243319558,2026-08-31,39575
3243432906,2026-08-31,26894
3243731913,2026-08-31,29995
3245080043,2026-08-31,33261
3245570160,2026-08-31,22092
3248725702,2026-08-31,24042
3250900527,2026-08-31,36041
3275068730,2026-08-31,18255
3301557224,2026-08-31,26354
3330088804,2026-08-31,43243
3339549399,2026-08-31,32484
3344489699,2026-08-31,23255
3359568450,2026-08-31,56404
3361978004,2026-08-31,27414
3361979100,2026-08-31,25410
3365265900,2026-08-31,15123
3370060302,2026-08-31,23542
3378829098,2026-08-31,18655
3385530791,2026-08-31,29945
3387068412,2026-08-31,28668
3393552523,2026-08-31,35538
3405506592,2026-08-31,33988
3451188081,2026-08-31,27325
3481775336,2026-08-31,42055
3482538734,2026-08-31,44938
3482693757,2026-08-31,35750
3491116708,2026-08-31,39450
3496262792,2026-08-31,25714
3538765396,2026-08-31,37026
3556222090,2026-08-31,28209
3575236236,2026-08-31,50175
3576125834,2026-08-31,31279
681481647,2026-08-31,12594
681483874,2026-08-31,25108
681489287,2026-08-31,16609
681553348,2026-08-31,21247
681576508,2026-08-31,118962
681684405,2026-08-31,8783
681699672,2026-08-31,8002
681787759,2026-08-31,19032
681802702,2026-08-31,20003
681803404,2026-08-31,63696
681816257,2026-08-31,25379
681987087,2026-08-31,9006
682090850,2026-08-31,130416
682165224,2026-08-31,102291
682190594,2026-08-31,13447
682336292,2026-08-31,12752
682691478,2026-08-31,80172
682776251,2026-08-31,41648
682851228,2026-08-31,45310
682914421,2026-08-31,5909
683096962,2026-08-31,8296
683121431,2026-08-31,14696
683175110,2026-08-31,17850
683230077,2026-08-31,412342
683328031,2026-08-31,12414
683409704,2026-08-31,74181
683594024,2026-08-31,20421
684384680,2026-08-31,11183
684454645,2026-08-31,18466
684509615,2026-08-31,288531
685413774,2026-08-31,47796
686276531,2026-08-31,44402
686666244,2026-08-31,24587
686764629,2026-08-31,12461
686768193,2026-08-31,29262
687037851,2026-08-31,96772
687226658,2026-08-31,65566
687822601,2026-08-31,6944
687882799,2026-08-31,9478
688086068,2026-08-31,134830
688576380,2026-08-31,11781
689601294,2026-08-31,12509
689858852,2026-08-31,6727
690350384,2026-08-31,29235
691008512,2026-08-31,29159
692028161,2026-08-31,119584
692253918,2026-08-31,16021
692492543,2026-08-31,71821
693402022,2026-08-31,27292
693447055,2026-08-31,53032
695288963,2026-08-31,12867
696649459,2026-08-31,10124
696905076,2026-08-31,10759
697938908,2026-08-31,287664
701432146,2026-08-31,60736
701739734,2026-08-31,51008
702164152,2026-08-31,5757
703156866,2026-08-31,64820
707297106,2026-08-31,13866
708669421,2026-08-31,12987
708752579,2026-08-31,5734
710345134,2026-08-31,13807
711413459,2026-08-31,9359
711825958,2026-08-31,15784
717060367,2026-08-31,16974
718529178,2026-08-31,10549
718918906,2026-08-31,7237
719712462,2026-08-31,8136
719802418,2026-08-31,6410
720237457,2026-08-31,84395
721416416,2026-08-31,14298
723219794,2026-08-31,16320
725596168,2026-08-31,16589
727000451,2026-08-31,387490
728648312,2026-08-31,5234
731621473,2026-08-31,12661
734129025,2026-08-31,59521
734362182,2026-08-31,37220
734843885,2026-08-31,7104
739477966,2026-08-31,16002
741194923,2026-08-31,63915
741930256,2026-08-31,81143
750263062,2026-08-31,32933
751394361,2026-08-31,97643
760594284,2026-08-31,11479
765938943,2026-08-31,66786
768131386,2026-08-31,34569
771132431,2026-08-31,5603
774130053,2026-08-31,14894
775122094,2026-08-31,19715
775944333,2026-08-31,61878
776095610,2026-08-31,12066
779729987,2026-08-31,5269
784249404,2026-08-31,16142
785299768,2026-08-31,31222
787237639,2026-08-31,4419
789959744,2026-08-31,5998
790903721,2026-08-31,48490
791049007,2026-08-31,29479
792538274,2026-08-31,5827
792636965,2026-08-31,41772
794155473,2026-08-31,8177
794390514,2026-08-31,5140
796529957,2026-08-31,47303
796547578,2026-08-31,10985
798679745,2026-08-31,8367
799999383,2026-08-31,12603
803491311,2026-08-31,8982
803681792,2026-08-31,18230
804293993,2026-08-31,27601
804732593,2026-08-31,9769
804946681,2026-08-31,5620
810204739,2026-08-31,46273
810929902,2026-08-31,8372
814211685,2026-08-31,5434
814332008,2026-08-31,36894
814854383,2026-08-31,12075
815380349,2026-08-31,11630
819007550,2026-08-31,45791
819100775,2026-08-31,12916
819148835,2026-08-31,508326
822305739,2026-08-31,18633
825050563,2026-08-31,24939
828731704,2026-08-31,90362
830391521,2026-08-31,23745
840482374,2026-08-31,34437
844630489,2026-08-31,40458
850142603,2026-08-31,14149
850721710,2026-08-31,22420
850823920,2026-08-31,7850
852005580,2026-08-31,12436
855097786,2026-08-31,29685
861800679,2026-08-31,10604
864541681,2026-08-31,28624
865040033,2026-08-31,272544
868965217,2026-08-31,6015
872596925,2026-08-31,14618
873063455,2026-08-31,12477
876504304,2026-08-31,17221
878598475,2026-08-31,24864
881118424,2026-08-31,9797
886734961,2026-08-31,9371
899611868,2026-08-31,5547
899653076,2026-08-31,20186
899795759,2026-08-31,12123
899929086,2026-08-31,18985
900079667,2026-08-31,8398
901022971,2026-08-31,10787
901039859,2026-08-31,13744
901614896,2026-08-31,21298
901988941,2026-08-31,6480
902204150,2026-08-31,9305
902204956,2026-08-31,147317
902487845,2026-08-31,8618
902526212,2026-08-31,18800
902701397,2026-08-31,7495
903007094,2026-08-31,20121
904956708,2026-08-31,45016
905176884,2026-08-31,7819
905434289,2026-08-31,5306
906953618,2026-08-31,16435
908639878,2026-08-31,27121
909268717,2026-08-31,15003
909670231,2026-08-31,19892
910355834,2026-08-31,9064
910576007,2026-08-31,10940
910751973,2026-08-31,27002
914872677,2026-08-31,10197
915432220,2026-08-31,56969
917206871,2026-08-31,7798
922791015,2026-08-31,7639
922893821,2026-08-31,16576
924990631,2026-08-31,100866
925473841,2026-08-31,15221
929140455,2026-08-31,5697
932345488,2026-08-31,7766
932869910,2026-08-31,6361
937289339,2026-08-31,438193
939602477,2026-08-31,9849
943263656,2026-08-31,9653
945999514,2026-08-31,8998
946222466,2026-08-31,142034
948359179,2026-08-31,7329
948431670,2026-08-31,10059
948883955,2026-08-31,27828
952438221,2026-08-31,7386
953888861,2026-08-31,16568
972423198,2026-08-31,6266
1067631798,2026-09-01,116153
1074841707,2026-09-01,61250
1085097357,2026-09-01,22988
1085848794,2026-09-01,12252
1085907846,2026-09-01,20081
1087781345,2026-09-01,61866
1093279583,2026-09-01,27430
1093286611,2026-09-01,28065
1098915405,2026-09-01,7350
1100284147,2026-09-01,204800
1107423111,2026-09-01,31461
1112740619,2026-09-01,23136
1121692237,2026-09-01,569806
1123086074,2026-09-01,31831
1126014321,2026-09-01,11628
1128927140,2026-09-01,18476
1129879777,2026-09-01,24038
1140780022,2026-09-01,14593
1142142725,2026-09-01,13294
1144654097,2026-09-01,25493
1159908355,2026-09-01,11238
1160316076,2026-09-01,9815
1168376022,2026-09-01,9359
1170859543,2026-09-01,8386
1173995428,2026-09-01,23671
1180299890,2026-09-01,20951
1181575896,2026-09-01,16311
1199002146,2026-09-01,311139
1210945403,2026-09-01,15588
1212536129,2026-09-01,7791
1215611424,2026-09-01,15064
1219847230,2026-09-01,32282
1223822935,2026-09-01,30203
1227620643,2026-09-01,178709
1230096820,2026-09-01,73814
1234426616,2026-09-01,19736
1239558744,2026-09-01,10584
1242221332,2026-09-01,7438
1249001485,2026-09-01,11968
1255617173,2026-09-01,15474
1261141644,2026-09-01,45572
1279836097,2026-09-01,14259
1286356239,2026-09-01,14560
1294720127,2026-09-01,12257
1299739260,2026-09-01,5799
1302897684,2026-09-01,93944
1302967002,2026-09-01,8553
1302974986,2026-09-01,9250
1303807781,2026-09-01,11308
1310381862,2026-09-01,10103
1310670900,2026-09-01,6503
1311725711,2026-09-01,186096
1313065097,2026-09-01,3746
1314648742,2026-09-01,5068
1314805272,2026-09-01,7638
1315017527,2026-09-01,20329
1315030839,2026-09-01,14887
1316044027,2026-09-01,8986
1317022177,2026-09-01,10350
1319264195,2026-09-01,10235
1320158755,2026-09-01,16709
1320989536,2026-09-01,26922
1321344591,2026-09-01,53238
1322023193,2026-09-01,6963
1323750659,2026-09-01,9069
1324813584,2026-09-01,32652
1327874725,2026-09-01,12749
1328104435,2026-09-01,11134
1333526620,2026-09-01,64753
1336349704,2026-09-01,13143
1340817672,2026-09-01,27477
1343811959,2026-09-01,40238
1346877266,2026-09-01,39689
1351268991,2026-09-01,18044
1351653132,2026-09-01,6972
1351953375,2026-09-01,13706
1353547443,2026-09-01,42063
1355094979,2026-09-01,15769
1359700418,2026-09-01,24212
1360500017,2026-09-01,20368
1365485813,2026-09-01,5488
1366244440,2026-09-01,5996
1373224279,2026-09-01,13363
1374229669,2026-09-01,20584
1381214767,2026-09-01,12229
1385175538,2026-09-01,9835
1386911531,2026-09-01,24464
1390963071,2026-09-01,6388
1394094004,2026-09-01,11362
1395096076,2026-09-01,15293
1399069277,2026-09-01,10273
1400726514,2026-09-01,4369
1412637064,2026-09-01,9127
1414213153,2026-09-01,20959
1417984165,2026-09-01,11793
1419304439,2026-09-01,177339
1420427657,2026-09-01,14587
1436141067,2026-09-01,7063
1439513019,2026-09-01,6878
1440941890,2026-09-01,23128
1445668908,2026-09-01,8404
1455861246,2026-09-01,42812
1467714013,2026-09-01,11523
1468105710,2026-09-01,45322
1468136930,2026-09-01,30840
1481972266,2026-09-01,63869
1489142966,2026-09-01,10255
1492025820,2026-09-01,19969
1504307690,2026-09-01,92538
1506078758,2026-09-01,81872
1506079443,2026-09-01,42517
1506079770,2026-09-01,20913
1506080933,2026-09-01,21487
1506081116,2026-09-01,22168
1506081421,2026-09-01,93677
1506083796,2026-09-01,42146
1506085043,2026-09-01,14978
1509094777,2026-09-01,5067
1511046299,2026-09-01,7408
1523039190,2026-09-01,7878
1524724960,2026-09-01,7624
1544526280,2026-09-01,8538
1566822652,2026-09-01,11361
1566961776,2026-09-01,14414
1575843310,2026-09-01,7372
1584361127,2026-09-01,7311
1585106954,2026-09-01,16201
1586639570,2026-09-01,14776
1587178040,2026-09-01,93451
1588853224,2026-09-01,28313
1590362799,2026-09-01,31407
1591647610,2026-09-01,34984
1592149666,2026-09-01,10123
1595876588,2026-09-01,354423
1597881336,2026-09-01,14658
1607524900,2026-09-01,10411
1609801017,2026-09-01,13560
1610578060,2026-09-01,190596
1612679489,2026-09-01,7524
1613766846,2026-09-01,8674
1614701435,2026-09-01,14744
1616934635,2026-09-01,11684
1617534169,2026-09-01,38235
1620838511,2026-09-01,13964
1623423360,2026-09-01,1244657
1623423504,2026-09-01,144758
1627919748,2026-09-01,15175
1628912584,2026-09-01,180664
1629519297,2026-09-01,29453
1630649870,2026-09-01,118923
1630977779,2026-09-01,6815
1631985204,2026-09-01,18654
1633386532,2026-09-01,6150
1635116455,2026-09-01,13370
1635709389,2026-09-01,87863
1636492142,2026-09-01,6659
1637053139,2026-09-01,7386
1641168812,2026-09-01,12059
1641807098,2026-09-01,53593
1647628520,2026-09-01,20837
1649338884,2026-09-01,15862
1649442597,2026-09-01,49751
1651768817,2026-09-01,16260
1653043481,2026-09-01,9405
1659533826,2026-09-01,7619
1660102639,2026-09-01,9197
1660235095,2026-09-01,7419
1661428827,2026-09-01,17671
1665106451,2026-09-01,18414
1688887083,2026-09-01,198594
1690425831,2026-09-01,5303
1693982756,2026-09-01,41101
1701529356,2026-09-01,6687
1708335879,2026-09-01,12671
1712760331,2026-09-01,52714
1715190550,2026-09-01,80223
1715523918,2026-09-01,9706
1717781690,2026-09-01,7335
1720760712,2026-09-01,12440
1726290528,2026-09-01,24039
1732437279,2026-09-01,175859
1732447147,2026-09-01,190667
1740165239,2026-09-01,215289
1742527573,2026-09-01,5006
1743133825,2026-09-01,4898
1747099270,2026-09-01,211158
1747995732,2026-09-01,81555
1748517193,2026-09-01,8299
1754875978,2026-09-01,11428
1761353630,2026-09-01,10245
1762062219,2026-09-01,7038
1771058495,2026-09-01,5576
1773441054,2026-09-01,5528
1777266185,2026-09-01,17088
1780481482,2026-09-01,144106
1780597499,2026-09-01,30870
1786095925,2026-09-01,12520
1790861374,2026-09-01,13778
1793768254,2026-09-01,93471
1796418794,2026-09-01,14559
1813104049,2026-09-01,7896
1813390120,2026-09-01,27785
1818025496,2026-09-01,68684
1819594115,2026-09-01,7174
1828891972,2026-09-01,13877
1834433554,2026-09-01,34906
1836457943,2026-09-01,46223
1843305631,2026-09-01,7959
1844363786,2026-09-01,5468
1848976806,2026-09-01,14268
1863514508,2026-09-01,34823
1866576239,2026-09-01,123040
1867143071,2026-09-01,7093
1871684873,2026-09-01,18862
1873097578,2026-09-01,71084
1878473679,2026-09-01,244483
1878601358,2026-09-01,21772
1880071041,2026-09-01,43068
1885775216,2026-09-01,46956
1885791325,2026-09-01,8536
1886496498,2026-09-01,45207
1887282318,2026-09-01,133421
1890399946,2026-09-01,181558
1890873104,2026-09-01,21820
1892802718,2026-09-01,7023
1893193650,2026-09-01,8483
1899061789,2026-09-01,48532
1900830460,2026-09-01,36868
1902551988,2026-09-01,9101
1915620447,2026-09-01,82472
1915625799,2026-09-01,22841
1918281610,2026-09-01,85990
1922397818,2026-09-01,14790
1923444292,2026-09-01,19524
1928831043,2026-09-01,88363
1934610438,2026-09-01,26313
1943060017,2026-09-01,12407
1944445511,2026-09-01,23270
1961367151,2026-09-01,8309
1961723204,2026-09-01,38570
1962426321,2026-09-01,23769
1970249743,2026-09-01,187444
1978311827,2026-09-01,9277
1988230377,2026-09-01,18656
1990079757,2026-09-01,4902
1990646390,2026-09-01,7391
1991568775,2026-09-01,16506
1992015610,2026-09-01,4815
1993018111,2026-09-01,67356
1993869579,2026-09-01,98668
1995601384,2026-09-01,63030
1998204784,2026-09-01,78258
1999328266,2026-09-01,81150
1999512770,2026-09-01,15905
2001695790,2026-09-01,19318
2008054135,2026-09-01,15935
2017870391,2026-09-01,13060
2017891552,2026-09-01,27744
2019845637,2026-09-01,14607
2019852305,2026-09-01,14544
2019865539,2026-09-01,9591
2020164764,2026-09-01,14603
2024528246,2026-09-01,33820
2025131190,2026-09-01,44604
2026330346,2026-09-01,9359
2026367756,2026-09-01,42938
2027001560,2026-09-01,9477
2027015321,2026-09-01,212989
2027051983,2026-09-01,43665
2028670202,2026-09-01,9945
2028826064,2026-09-01,17067
2029267357,2026-09-01,4747
2030472413,2026-09-01,57654
2031609146,2026-09-01,9996
2032118923,2026-09-01,20638
2036051710,2026-09-01,5383
2037107797,2026-09-01,13922
2038973356,2026-09-01,23429
2042882182,2026-09-01,8083
2044053450,2026-09-01,6609
2044599287,2026-09-01,28409
2047260446,2026-09-01,52319
2054717582,2026-09-01,17528
2058219282,2026-09-01,11981
2059474384,2026-09-01,20362
2060393654,2026-09-01,19431
2062843706,2026-09-01,18897
2062846721,2026-09-01,20744
2062849120,2026-09-01,24326
2065121501,2026-09-01,5813
2066393985,2026-09-01,28715
2066815588,2026-09-01,11259
2068768158,2026-09-01,30720
2070082709,2026-09-01,40653
2077186491,2026-09-01,197197
2079926133,2026-09-01,37340
2096162410,2026-09-01,38717
2097152337,2026-09-01,12093
2104240928,2026-09-01,4523
2104495359,2026-09-01,19512
2104538771,2026-09-01,36490
2106506823,2026-09-01,7098
2113865264,2026-09-01,19684
2116422940,2026-09-01,92179
2123646681,2026-09-01,20808
2130835957,2026-09-01,25291
2131014154,2026-09-01,268319
2136166095,2026-09-01,15871
2145844864,2026-09-01,11604
2147847286,2026-09-01,20352
2148259818,2026-09-01,39712
2160610678,2026-09-01,20144
2174082869,2026-09-01,33598
2177145527,2026-09-01,15631
2178603631,2026-09-01,47407
2183551683,2026-09-01,33301
2184737698,2026-09-01,37291
2187470106,2026-09-01,5131
2195523300,2026-09-01,69736
2202461067,2026-09-01,27511
2218335517,2026-09-01,21374
2219070393,2026-09-01,10504
2219753980,2026-09-01,5728
2234187039,2026-09-01,47791
2239515632,2026-09-01,8638
2244483797,2026-09-01,52334
2247427791,2026-09-01,9163
2250100617,2026-09-01,28566
2252156569,2026-09-01,7511
2252191029,2026-09-01,12813
2257071139,2026-09-01,21000
2257643981,2026-09-01,12418
2261313592,2026-09-01,30750
2268189539,2026-09-01,24946
2268843111,2026-09-01,24209
2274356555,2026-09-01,9182
2280945168,2026-09-01,28191
2284514368,2026-09-01,153421
2288335512,2026-09-01,64356
2293169684,2026-09-01,22243
2293827000,2026-09-01,28099
2305790641,2026-09-01,27055
2306455054,2026-09-01,67035
2310338497,2026-09-01,6572
2310933502,2026-09-01,13975
2332047637,2026-09-01,14572
2354506714,2026-09-01,22130
2360265002,2026-09-01,10257
2377505917,2026-09-01,18323
2389164674,2026-09-01,24582
2389589691,2026-09-01,110197
2400964705,2026-09-01,16925
2407436476,2026-09-01,129480
2409044128,2026-09-01,105543
2409209888,2026-09-01,223478
2409276081,2026-09-01,223843
2409550266,2026-09-01,10938
2411756240,2026-09-01,6830
2411774658,2026-09-01,23602
2411818376,2026-09-01,259181
2417206619,2026-09-01,15381
2423471739,2026-09-01,50398
2434790082,2026-09-01,21344
2436408502,2026-09-01,16637
2436969913,2026-09-01,28757
2438313459,2026-09-01,185708
2441507863,2026-09-01,34836
2444803936,2026-09-01,12899
2448240735,2026-09-01,15683
2458024521,2026-09-01,43149
2458217640,2026-09-01,32085
2458588018,2026-09-01,14363
2458655721,2026-09-01,34977
2458656056,2026-09-01,69701
2458746718,2026-09-01,8526
2458928927,2026-09-01,38898
2459872857,2026-09-01,25730
2461014769,2026-09-01,84455
2461999384,2026-09-01,35407
2465534550,2026-09-01,11550
2465534699,2026-09-01,11786
2466510521,2026-09-01,16983
2466511041,2026-09-01,36660
2466607238,2026-09-01,308091
2475302050,2026-09-01,267224
2475617894,2026-09-01,107888
2476102240,2026-09-01,24648
2481973185,2026-09-01,14924
2490492573,2026-09-01,19550
2491283817,2026-09-01,11461
2494712590,2026-09-01,29690
2498990660,2026-09-01,10171
2502673650,2026-09-01,48476
2508704523,2026-09-01,15972
2512317259,2026-09-01,34524
2512980560,2026-09-01,30117
2514556383,2026-09-01,40125
2517213262,2026-09-01,41794
2520977707,2026-09-01,32226
2523234322,2026-09-01,15422
2525278602,2026-09-01,18764
2529002857,2026-09-01,99444
2529105358,2026-09-01,37697
2537406790,2026-09-01,19132
2544958612,2026-09-01,14138
2548912050,2026-09-01,14671
2555609401,2026-09-01,120538
2558262194,2026-09-01,10389
2558590111,2026-09-01,12295
2559962615,2026-09-01,23807
2571844795,2026-09-01,19879
2572843550,2026-09-01,57940
2574175110,2026-09-01,33381
2576362573,2026-09-01,31680
2579303396,2026-09-01,63968
2582937730,2026-09-01,77809
2583755721,2026-09-01,64866
2584338908,2026-09-01,39239
2598875789,2026-09-01,43210
2602025201,2026-09-01,21857
2603031001,2026-09-01,111049
2603957954,2026-09-01,10921
2604778880,2026-09-01,36678
2607042792,2026-09-01,19052
2608299248,2026-09-01,18309
2608299476,2026-09-01,33270
2608435724,2026-09-01,14508
2609450219,2026-09-01,9218
2614472081,2026-09-01,25045
2616955720,2026-09-01,12878
2618143990,2026-09-01,20140
2619478648,2026-09-01,15672
2620089636,2026-09-01,24436
2621840890,2026-09-01,21996
2622652746,2026-09-01,65251
2626285356,2026-09-01,35536
2627609414,2026-09-01,20318
2628611107,2026-09-01,12897
2629543194,2026-09-01,20480
2631211703,2026-09-01,43032
2633444661,2026-09-01,49346
2635012115,2026-09-01,21004
2641256974,2026-09-01,78510
2644238920,2026-09-01,13321
2645707091,2026-09-01,59409
2646410054,2026-09-01,27129
2648658105,2026-09-01,73091
2652578379,2026-09-01,25754
2653699311,2026-09-01,16747
2653789292,2026-09-01,21514
2660548454,2026-09-01,140662
2662937312,2026-09-01,21130
2667143039,2026-09-01,55735
2667595705,2026-09-01,14349
2672884318,2026-09-01,16175
2679512490,2026-09-01,12133
2683475897,2026-09-01,13534
2687653241,2026-09-01,14959
2689020223,2026-09-01,17936
2691024387,2026-09-01,56915
2702005349,2026-09-01,15367
2710894758,2026-09-01,16821
2717193796,2026-09-01,45614
2719075597,2026-09-01,56327
2728498280,2026-09-01,14149
2735054420,2026-09-01,37704
2737603165,2026-09-01,39683
2738038455,2026-09-01,46675
2743333016,2026-09-01,16897
2745386732,2026-09-01,11632
2748029219,2026-09-01,137968
2754319969,2026-09-01,26893
2765125322,2026-09-01,14274
2766998502,2026-09-01,29631
2769148429,2026-09-01,12007
2770440127,2026-09-01,35656
2774388842,2026-09-01,19320
2774987343,2026-09-01,17260
2775968897,2026-09-01,79049
2776070504,2026-09-01,36365
2783854641,2026-09-01,28384
2784337730,2026-09-01,10665
2785777242,2026-09-01,12130
2785989313,2026-09-01,22388
2786268200,2026-09-01,19331
2786371128,2026-09-01,26668
2787727603,2026-09-01,14967
2788827517,2026-09-01,13877
2791119024,2026-09-01,50675
2797095333,2026-09-01,52494
2804194007,2026-09-01,13985
2806737895,2026-09-01,11329
2806903835,2026-09-01,31322
2807759164,2026-09-01,51654
2807778592,2026-09-01,45373
2808486613,2026-09-01,23638
2809216375,2026-09-01,30784
2809332037,2026-09-01,40103
2809452753,2026-09-01,15342
2810064268,2026-09-01,26029
2811907627,2026-09-01,36480
2812860898,2026-09-01,168723
2812925242,2026-09-01,56234
2813707242,2026-09-01,11376
2814586266,2026-09-01,74836
2815767345,2026-09-01,23629
2816360131,2026-09-01,20485
2819720352,2026-09-01,60114
2820330517,2026-09-01,24782
2821014992,2026-09-01,16030
2821711162,2026-09-01,15293
2822984099,2026-09-01,22871
2822984175,2026-09-01,22790
2825985873,2026-09-01,38540
2825986399,2026-09-01,27844
2829069506,2026-09-01,46524
2829069669,2026-09-01,33348
2830366252,2026-09-01,48038
2830996776,2026-09-01,34252
2830996883,2026-09-01,20180
2831177989,2026-09-01,25291
2831178263,2026-09-01,22557
2837700978,2026-09-01,32078
2838470527,2026-09-01,8843
2841481791,2026-09-01,28808
2847901464,2026-09-01,14700
2854596966,2026-09-01,11341
2856821840,2026-09-01,20040
2865408972,2026-09-01,28347
2866658484,2026-09-01,12977
2868168109,2026-09-01,11566
2868514243,2026-09-01,11000
2868680633,2026-09-01,11616
2871620925,2026-09-01,21483
2871980758,2026-09-01,23390
2871981062,2026-09-01,20535
2873057249,2026-09-01,19211
2874137992,2026-09-01,37248
2878075116,2026-09-01,26679
2885244355,2026-09-01,35549
2888119865,2026-09-01,47365
2897254807,2026-09-01,32604
2897373654,2026-09-01,25063
2902512011,2026-09-01,30193
2909582424,2026-09-01,23690
2914220019,2026-09-01,21814
2916082557,2026-09-01,12488
2916982793,2026-09-01,14937
2919428234,2026-09-01,21235
2930369811,2026-09-01,15764
2932808239,2026-09-01,12692
2934387908,2026-09-01,15865
2935276961,2026-09-01,13114
2941031061,2026-09-01,25145
2942679675,2026-09-01,24940
2945629971,2026-09-01,15507
2945942583,2026-09-01,12504
2946000546,2026-09-01,36406
2948301103,2026-09-01,91372
2950661639,2026-09-01,20372
2951466817,2026-09-01,22519
2951652477,2026-09-01,27402
2954963007,2026-09-01,21325
2955341502,2026-09-01,21194
2956750257,2026-09-01,24703
2956750503,2026-09-01,35855
2958421797,2026-09-01,23285
2960317218,2026-09-01,22642
2960574667,2026-09-01,24088
2976454692,2026-09-01,61548
2976527288,2026-09-01,115210
2976573664,2026-09-01,28185
2979089967,2026-09-01,14774
2982710154,2026-09-01,22057
2990642419,2026-09-01,46159
2994821528,2026-09-01,45655
2997295407,2026-09-01,30667
3002188516,2026-09-01,127149
3003219188,2026-09-01,22067
3005307317,2026-09-01,16384
3011811483,2026-09-01,15009
3032768344,2026-09-01,43413
3039370479,2026-09-01,25113
3051471269,2026-09-01,18201
3062038863,2026-09-01,51492
3065245398,2026-09-01,22273
3067902147,2026-09-01,64487
3079374348,2026-09-01,50414
3082164342,2026-09-01,61108
3086143878,2026-09-01,155976
3086154149,2026-09-01,89455
3090328185,2026-09-01,79724
3099975582,2026-09-01,43956
3108330591,2026-09-01,22495
3109481596,2026-09-01,15475
3110808560,2026-09-01,18282
3142294658,2026-09-01,67098
3153706012,2026-09-01,110605
3163759042,2026-09-01,20209
3173205208,2026-09-01,20156
3173239930,2026-09-01,66300
3173319652,2026-09-01,27035
3181487775,2026-09-01,46406
3193699928,2026-09-01,32771
3195070547,2026-09-01,39022
3241119393,2026-09-01,90944
3241734509,2026-09-01,16637
3243319558,2026-09-01,39575
3243432906,2026-09-01,26894
3243731913,2026-09-01,29995
3245080043,2026-09-01,33261
3245570160,2026-09-01,22092
3248725702,2026-09-01,24042
3250900527,2026-09-01,36041
3275068730,2026-09-01,18255
3301557224,2026-09-01,26354
3330088804,2026-09-01,43243
3339549399,2026-09-01,32484
3344489699,2026-09-01,23255
3359568450,2026-09-01,56404
3361978004,2026-09-01,27414
3361979100,2026-09-01,25410
3365265900,2026-09-01,15123
3370060302,2026-09-01,23542
3378829098,2026-09-01,18655
3385530791,2026-09-01,29945
3387068412,2026-09-01,28668
3393552523,2026-09-01,35538
3405506592,2026-09-01,33988
3451188081,2026-09-01,27325
3481775336,2026-09-01,42055
3482538734,2026-09-01,44938
3482693757,2026-09-01,35750
3491116708,2026-09-01,39450
3496262792,2026-09-01,25714
3538765396,2026-09-01,37026
3556222090,2026-09-01,28209
3575236236,2026-09-01,50175
3576125834,2026-09-01,31279
681481647,2026-09-01,12594
681483874,2026-09-01,25108
681489287,2026-09-01,16609
681553348,2026-09-01,21247
681576508,2026-09-01,118962
681684405,2026-09-01,8783
681699672,2026-09-01,8002
681787759,2026-09-01,19032
681802702,2026-09-01,20003
681803404,2026-09-01,63696
681816257,2026-09-01,25379
681987087,2026-09-01,9006
682090850,2026-09-01,130416
682165224,2026-09-01,102291
682190594,2026-09-01,13447
682336292,2026-09-01,12752
682691478,2026-09-01,80172
682776251,2026-09-01,41648
682851228,2026-09-01,45310
682914421,2026-09-01,5909
683096962,2026-09-01,8296
683121431,2026-09-01,14696
683175110,2026-09-01,17850
683230077,2026-09-01,412342
683328031,2026-09-01,12414
683409704,2026-09-01,74181
683594024,2026-09-01,20421
684384680,2026-09-01,11183
684454645,2026-09-01,18466
684509615,2026-09-01,288531
685413774,2026-09-01,47796
686276531,2026-09-01,44402
686666244,2026-09-01,24587
686764629,2026-09-01,12461
686768193,2026-09-01,29262
687037851,2026-09-01,96772
687226658,2026-09-01,65566
687822601,2026-09-01,6944
687882799,2026-09-01,9478
688086068,2026-09-01,134830
688576380,2026-09-01,11781
689601294,2026-09-01,12509
689858852,2026-09-01,6727
690350384,2026-09-01,29235
691008512,2026-09-01,29159
692028161,2026-09-01,119584
692253918,2026-09-01,16021
692492543,2026-09-01,71821
693402022,2026-09-01,27292
693447055,2026-09-01,53032
695288963,2026-09-01,12867
696649459,2026-09-01,10124
696905076,2026-09-01,10759
697938908,2026-09-01,287664
701432146,2026-09-01,60736
701739734,2026-09-01,51008
702164152,2026-09-01,5757
703156866,2026-09-01,64820
707297106,2026-09-01,13866
708669421,2026-09-01,12987
708752579,2026-09-01,5734
710345134,2026-09-01,13807
711413459,2026-09-01,9359
711825958,2026-09-01,15784
717060367,2026-09-01,16974
718529178,2026-09-01,10549
718918906,2026-09-01,7237
719712462,2026-09-01,8136
719802418,2026-09-01,6410
720237457,2026-09-01,84395
721416416,2026-09-01,14298
723219794,2026-09-01,16320
725596168,2026-09-01,16589
727000451,2026-09-01,387490
728648312,2026-09-01,5234
731621473,2026-09-01,12661
734129025,2026-09-01,59521
734362182,2026-09-01,37220
734843885,2026-09-01,7104
739477966,2026-09-01,16002
741194923,2026-09-01,63915
741930256,2026-09-01,81143
750263062,2026-09-01,32933
751394361,2026-09-01,97643
760594284,2026-09-01,11479
765938943,2026-09-01,66786
768131386,2026-09-01,34569
771132431,2026-09-01,5603
774130053,2026-09-01,14894
775122094,2026-09-01,19715
775944333,2026-09-01,61878
776095610,2026-09-01,12066
779729987,2026-09-01,5269
784249404,2026-09-01,16142
785299768,2026-09-01,31222
787237639,2026-09-01,4419
789959744,2026-09-01,5998
790903721,2026-09-01,48490
791049007,2026-09-01,29479
792538274,2026-09-01,5827
792636965,2026-09-01,41772
794155473,2026-09-01,8177
794390514,2026-09-01,5140
796529957,2026-09-01,47303
796547578,2026-09-01,10985
798679745,2026-09-01,8367
799999383,2026-09-01,12603
803491311,2026-09-01,8982
803681792,2026-09-01,18230
804293993,2026-09-01,27601
804732593,2026-09-01,9769
804946681,2026-09-01,5620
810204739,2026-09-01,46273
810929902,2026-09-01,8372
814211685,2026-09-01,5434
814332008,2026-09-01,36894
814854383,2026-09-01,12075
815380349,2026-09-01,11630
819007550,2026-09-01,45791
819100775,2026-09-01,12916
819148835,2026-09-01,508326
822305739,2026-09-01,18633
825050563,2026-09-01,24939
828731704,2026-09-01,90362
830391521,2026-09-01,23745
840482374,2026-09-01,34437
844630489,2026-09-01,40458
850142603,2026-09-01,14149
850721710,2026-09-01,22420
850823920,2026-09-01,7850
852005580,2026-09-01,12436
855097786,2026-09-01,29685
861800679,2026-09-01,10604
864541681,2026-09-01,28624
865040033,2026-09-01,272544
868965217,2026-09-01,6015
872596925,2026-09-01,14618
873063455,2026-09-01,12477
876504304,2026-09-01,17221
878598475,2026-09-01,24864
881118424,2026-09-01,9797
886734961,2026-09-01,9371
899611868,2026-09-01,5547
899653076,2026-09-01,20186
899795759,2026-09-01,12123
899929086,2026-09-01,18985
900079667,2026-09-01,8398
901022971,2026-09-01,10787
901039859,2026-09-01,13744
901614896,2026-09-01,21298
901988941,2026-09-01,6480
902204150,2026-09-01,9305
902204956,2026-09-01,147317
902487845,2026-09-01,8618
902526212,2026-09-01,18800
902701397,2026-09-01,7495
903007094,2026-09-01,20121
904956708,2026-09-01,45016
905176884,2026-09-01,7819
905434289,2026-09-01,5306
906953618,2026-09-01,16435
908639878,2026-09-01,27121
909268717,2026-09-01,15003
909670231,2026-09-01,19892
910355834,2026-09-01,9064
910576007,2026-09-01,10940
910751973,2026-09-01,27002
914872677,2026-09-01,10197
915432220,2026-09-01,56969
917206871,2026-09-01,7798
922791015,2026-09-01,7639
922893821,2026-09-01,16576
924990631,2026-09-01,100866
925473841,2026-09-01,15221
929140455,2026-09-01,5697
932345488,2026-09-01,7766
932869910,2026-09-01,6361
937289339,2026-09-01,438193
939602477,2026-09-01,9849
943263656,2026-09-01,9653
945999514,2026-09-01,8998
946222466,2026-09-01,142034
948359179,2026-09-01,7329
948431670,2026-09-01,10059
948883955,2026-09-01,27828
952438221,2026-09-01,7386
953888861,2026-09-01,16568
972423198,2026-09-01,6266
1067631798,2026-09-02,116009
1074841707,2026-09-02,61329
1085097357,2026-09-02,23030
1085848794,2026-09-02,12267
1085907846,2026-09-02,20119
1087781345,2026-09-02,61902
1093279583,2026-09-02,27437
1093286611,2026-09-02,28077
1098915405,2026-09-02,7350
1100284147,2026-09-02,204425
1107423111,2026-09-02,31472
1112740619,2026-09-02,23177
1121692237,2026-09-02,568747
1123086074,2026-09-02,31863
1126014321,2026-09-02,11636
1128927140,2026-09-02,18505
1129879777,2026-09-02,24047
1140780022,2026-09-02,14601
1142142725,2026-09-02,13294
1142647596,2026-09-02,7212
1144654097,2026-09-02,25524
1148241123,2026-09-02,6400
1148614148,2026-09-02,5203
1159908355,2026-09-02,11238
1160316076,2026-09-02,9817
1168376022,2026-09-02,9359
1170859543,2026-09-02,8388
1173746413,2026-09-02,6733
1173995428,2026-09-02,23708
1180299890,2026-09-02,20956
1181575896,2026-09-02,16328
1199002146,2026-09-02,310543
1210945403,2026-09-02,15597
1212536129,2026-09-02,7791
1215611424,2026-09-02,15090
1219847230,2026-09-02,32324
1223822935,2026-09-02,30233
1227620643,2026-09-02,178820
1230096820,2026-09-02,73916
1234426616,2026-09-02,19736
1239558744,2026-09-02,10584
1242221332,2026-09-02,7438
1249001485,2026-09-02,11962
1255082381,2026-09-02,4529
1255617173,2026-09-02,15494
1261141644,2026-09-02,45627
1261144072,2026-09-02,4523
1279836097,2026-09-02,14278
1286356239,2026-09-02,14504
1290047689,2026-09-02,4568
1292000683,2026-09-02,4648
1294720127,2026-09-02,12268
1299739260,2026-09-02,5811
1302897684,2026-09-02,94014
1302967002,2026-09-02,8563
1302974986,2026-09-02,9263
1303807781,2026-09-02,11330
1310381862,2026-09-02,10116
1310670900,2026-09-02,6503
1311725711,2026-09-02,185729
1313065097,2026-09-02,3746
1314648742,2026-09-02,5068
1314805272,2026-09-02,7638
1315017527,2026-09-02,20348
1315030839,2026-09-02,14918
1316044027,2026-09-02,8991
1317022177,2026-09-02,10365
1319264195,2026-09-02,10272
1320158755,2026-09-02,16709
1320989536,2026-09-02,26948
1321344591,2026-09-02,53180
1322023193,2026-09-02,6963
1323169277,2026-09-02,3930
1323750659,2026-09-02,9078
1324539009,2026-09-02,3380
1324813584,2026-09-02,32700
1327874725,2026-09-02,12749
1328104435,2026-09-02,11134
1333526620,2026-09-02,64708
1336349704,2026-09-02,13143
1340817672,2026-09-02,27487
1343811959,2026-09-02,40236
1345239366,2026-09-02,5509
1346877266,2026-09-02,39763
1348876762,2026-09-02,14409
1350339022,2026-09-02,7474
1351268991,2026-09-02,18063
1351653132,2026-09-02,6972
1351953375,2026-09-02,13717
1353547443,2026-09-02,42029
1355094979,2026-09-02,15808
1359700418,2026-09-02,24231
1360500017,2026-09-02,20388
1364760456,2026-09-02,6744
1365485813,2026-09-02,5488
1366244440,2026-09-02,5996
1373224279,2026-09-02,13397
1374229669,2026-09-02,20637
1381214767,2026-09-02,12229
1385175538,2026-09-02,9823
1386911531,2026-09-02,24462
1390963071,2026-09-02,6388
1394094004,2026-09-02,11384
1395096076,2026-09-02,15304
1397793683,2026-09-02,8895
1399069277,2026-09-02,10273
1400726514,2026-09-02,4369
1407118357,2026-09-02,8052
1410753850,2026-09-02,4401
1412308130,2026-09-02,11320
1412637064,2026-09-02,9144
1414213153,2026-09-02,21002
1417984165,2026-09-02,11814
1419304439,2026-09-02,176962
1420427657,2026-09-02,14595
1422271755,2026-09-02,4663
1436141067,2026-09-02,7063
1439513019,2026-09-02,6878
1440941890,2026-09-02,23194
1445668908,2026-09-02,8418
1445669234,2026-09-02,4880
1455861246,2026-09-02,42937
1457731350,2026-09-02,15116
1467714013,2026-09-02,11561
1468105710,2026-09-02,45297
1468136930,2026-09-02,30827
1481972266,2026-09-02,63899
1489142966,2026-09-02,10255
1492025820,2026-09-02,19991
1504307690,2026-09-02,92403
1506078758,2026-09-02,81973
1506079443,2026-09-02,42549
1506079770,2026-09-02,20950
1506080933,2026-09-02,21525
1506081116,2026-09-02,22190
1506081421,2026-09-02,93850
1506083796,2026-09-02,42208
1506085043,2026-09-02,15003
1509094777,2026-09-02,5067
1511046299,2026-09-02,7408
1516881814,2026-09-02,7548
1519236931,2026-09-02,5763
1523039190,2026-09-02,7878
1524724960,2026-09-02,7624
1534545104,2026-09-02,4807
1535507574,2026-09-02,10134
1544526280,2026-09-02,8554
1566822652,2026-09-02,11361
1566961776,2026-09-02,14436
1575843310,2026-09-02,7372
1584361127,2026-09-02,7311
1585106954,2026-09-02,16220
1586639570,2026-09-02,14797
1587178040,2026-09-02,93717
1587386821,2026-09-02,4899
1588853224,2026-09-02,28350
1590362799,2026-09-02,31433
1591647610,2026-09-02,35005
1592149666,2026-09-02,10123
1593221761,2026-09-02,5706
1595876588,2026-09-02,353882
1597881336,2026-09-02,14658
1607524900,2026-09-02,10430
1609801017,2026-09-02,13588
1610020781,2026-09-02,3850
1610578060,2026-09-02,190904
1612679489,2026-09-02,7539
1613766846,2026-09-02,8688
1613880809,2026-09-02,6902
1614701435,2026-09-02,14744
1616934635,2026-09-02,11706
1617534169,2026-09-02,38287
1618459811,2026-09-02,6178
1620838511,2026-09-02,13964
1623423360,2026-09-02,1242219
1623423504,2026-09-02,144510
1627919748,2026-09-02,15206
1628912584,2026-09-02,180234
1629519297,2026-09-02,29519
1630649870,2026-09-02,119365
1630977779,2026-09-02,6815
1631985204,2026-09-02,18651
1633386532,2026-09-02,6150
1635116455,2026-09-02,13370
1635222296,2026-09-02,3657
1635709389,2026-09-02,87708
1636492142,2026-09-02,6659
1637053139,2026-09-02,7386
1641168812,2026-09-02,12088
1641807098,2026-09-02,53614
1647628520,2026-09-02,20907
1649338884,2026-09-02,15908
1649442597,2026-09-02,49636
1651768817,2026-09-02,16269
1653043481,2026-09-02,9422
1659533826,2026-09-02,7619
1660102639,2026-09-02,9197
1660235095,2026-09-02,7419
1661428827,2026-09-02,17671
1665106451,2026-09-02,18316
1683228401,2026-09-02,6016
1688887083,2026-09-02,198616
1690425831,2026-09-02,5303
1693982756,2026-09-02,41219
1701529356,2026-09-02,6687
1707957948,2026-09-02,8377
1708335879,2026-09-02,12671
1712760331,2026-09-02,52831
1715190550,2026-09-02,80413
1715523918,2026-09-02,9706
1717372176,2026-09-02,7060
1717781690,2026-09-02,7335
1720760712,2026-09-02,12470
1726290528,2026-09-02,24127
1728214912,2026-09-02,8359
1729817458,2026-09-02,5424
1732437279,2026-09-02,175610
1732447147,2026-09-02,190516
1740165239,2026-09-02,215186
1742527573,2026-09-02,5006
1743133825,2026-09-02,4898
1747099270,2026-09-02,210928
1747995732,2026-09-02,81609
1748517193,2026-09-02,8305
1754875978,2026-09-02,11428
1761353630,2026-09-02,10276
1762062219,2026-09-02,7046
1762619605,2026-09-02,4877
1764704051,2026-09-02,6532
1771058495,2026-09-02,5576
1773441054,2026-09-02,5528
1777266185,2026-09-02,17128
1780481482,2026-09-02,143792
1780597499,2026-09-02,30951
1786095925,2026-09-02,12520
1790861374,2026-09-02,13803
1793768254,2026-09-02,93379
1796402967,2026-09-02,12131
1796418794,2026-09-02,14559
1800624677,2026-09-02,5659
1812858232,2026-09-02,6310
1813104049,2026-09-02,7910
1813390120,2026-09-02,27850
1818025496,2026-09-02,68695
1819594115,2026-09-02,7174
1824937448,2026-09-02,7231
1828891972,2026-09-02,13907
1834433554,2026-09-02,34843
1834615504,2026-09-02,6288
1836457943,2026-09-02,46343
1843305631,2026-09-02,7959
1844363786,2026-09-02,5468
1848976806,2026-09-02,14268
1863514508,2026-09-02,34894
1866576239,2026-09-02,123007
1867143071,2026-09-02,7093
1868834704,2026-09-02,5232
1870741383,2026-09-02,6256
1871684873,2026-09-02,18876
1873097578,2026-09-02,70978
1878473679,2026-09-02,244185
1878601358,2026-09-02,21829
1880071041,2026-09-02,42978
1881017456,2026-09-02,10701
1885775216,2026-09-02,47055
1885791325,2026-09-02,8555
1886496498,2026-09-02,45197
1887282318,2026-09-02,133126
1890399946,2026-09-02,181343
1890873104,2026-09-02,21811
1890983593,2026-09-02,4626
1892802718,2026-09-02,7023
1893193650,2026-09-02,8483
1899061789,2026-09-02,48617
1900830460,2026-09-02,36910
1902551988,2026-09-02,9101
1915620447,2026-09-02,82263
1915625799,2026-09-02,22893
1917973338,2026-09-02,5507
1918281610,2026-09-02,85836
1918294643,2026-09-02,8382
1922397818,2026-09-02,14811
1923444292,2026-09-02,19532
1928831043,2026-09-02,88581
1934610438,2026-09-02,26337
1939754080,2026-09-02,8085
1943060017,2026-09-02,12423
1944445511,2026-09-02,23302
1961367151,2026-09-02,8309
1961723204,2026-09-02,38595
1962426321,2026-09-02,23806
1970249743,2026-09-02,187414
1978311827,2026-09-02,9277
1988230377,2026-09-02,18693
1990079757,2026-09-02,4902
1990646390,2026-09-02,7399
1991568775,2026-09-02,16506
1992015610,2026-09-02,4815
1993018111,2026-09-02,67216
1993869579,2026-09-02,98886
1995601384,2026-09-02,63294
1998204784,2026-09-02,78480
1999328266,2026-09-02,81329
1999512770,2026-09-02,15905
2001695790,2026-09-02,19359
2008054135,2026-09-02,15911
2017870391,2026-09-02,13089
2017891552,2026-09-02,27828
2019845637,2026-09-02,14619
2019852305,2026-09-02,14549
2019865539,2026-09-02,9591
2020164764,2026-09-02,14603
2024528246,2026-09-02,33892
2025131190,2026-09-02,44527
2026330346,2026-09-02,9384
2026367756,2026-09-02,42907
2027001560,2026-09-02,9497
2027015321,2026-09-02,212870
2027051983,2026-09-02,43670
2027087815,2026-09-02,7809
2028670202,2026-09-02,9945
2028826064,2026-09-02,17133
2029267357,2026-09-02,4747
2030472413,2026-09-02,57789
2031609146,2026-09-02,9996
2032118923,2026-09-02,20652
2032299408,2026-09-02,6119
2036051710,2026-09-02,5383
2037107797,2026-09-02,13909
2038973356,2026-09-02,23476
2040763291,2026-09-02,7689
2042882182,2026-09-02,8083
2044053450,2026-09-02,6609
2044599287,2026-09-02,28474
2047260446,2026-09-02,52307
2054717582,2026-09-02,17571
2058219282,2026-09-02,11985
2059474384,2026-09-02,20388
2060393654,2026-09-02,19480
2062843706,2026-09-02,18954
2062846721,2026-09-02,20817
2062849120,2026-09-02,24404
2065121501,2026-09-02,5813
2066101156,2026-09-02,7395
2066393985,2026-09-02,28747
2066815588,2026-09-02,11259
2068768158,2026-09-02,30688
2070082709,2026-09-02,40709
2077186491,2026-09-02,197459
2079926133,2026-09-02,37390
2094489751,2026-09-02,7873
2096162410,2026-09-02,38860
2097152337,2026-09-02,12100
2097903490,2026-09-02,5494
2104240928,2026-09-02,4523
2104495359,2026-09-02,19577
2104538771,2026-09-02,36456
2106506823,2026-09-02,7105
2113865264,2026-09-02,19684
2114559224,2026-09-02,8015
2116422940,2026-09-02,92181
2119847182,2026-09-02,7254
2123646681,2026-09-02,20841
2130835957,2026-09-02,25363
2131014154,2026-09-02,267794
2136166095,2026-09-02,15871
2145844864,2026-09-02,11642
2147847286,2026-09-02,20404
2148259818,2026-09-02,39657
2149196786,2026-09-02,7740
2158207688,2026-09-02,7068
2160610678,2026-09-02,20125
2174082869,2026-09-02,33678
2177145527,2026-09-02,15707
2178603631,2026-09-02,47182
2183551683,2026-09-02,33302
2184737698,2026-09-02,37077
2187470106,2026-09-02,5131
2195523300,2026-09-02,69861
2202461067,2026-09-02,27567
2218335517,2026-09-02,21414
2218870708,2026-09-02,8654
2219070393,2026-09-02,10528
2219753980,2026-09-02,5728
2234187039,2026-09-02,47820
2239515632,2026-09-02,8638
2244483797,2026-09-02,52403
2247427791,2026-09-02,9163
2250100617,2026-09-02,28387
2252156569,2026-09-02,7511
2252191029,2026-09-02,12813
2257071139,2026-09-02,20997
2257643981,2026-09-02,12418
2261313592,2026-09-02,30797
2268189539,2026-09-02,25026
2268843111,2026-09-02,24155
2273568769,2026-09-02,9782
2273835333,2026-09-02,7116
2274356555,2026-09-02,9182
2280945168,2026-09-02,28143
2284514368,2026-09-02,153229
2288335512,2026-09-02,64183
2290797357,2026-09-02,6487
2293169684,2026-09-02,22294
2293827000,2026-09-02,28001
2305790641,2026-09-02,27122
2306455054,2026-09-02,66987
2310338497,2026-09-02,6572
2310933502,2026-09-02,13975
2332047637,2026-09-02,14572
2354506714,2026-09-02,22142
2360265002,2026-09-02,10257
2377505917,2026-09-02,18323
2389164674,2026-09-02,24598
2389589691,2026-09-02,110045
2400964705,2026-09-02,16925
2407436476,2026-09-02,129269
2409044128,2026-09-02,105211
2409209888,2026-09-02,222821
2409276081,2026-09-02,222940
2409550266,2026-09-02,10944
2409578462,2026-09-02,4527
2411756240,2026-09-02,6830
2411774658,2026-09-02,23481
2411818376,2026-09-02,258813
2417206619,2026-09-02,15428
2423471739,2026-09-02,50328
2434790082,2026-09-02,21345
2436408502,2026-09-02,16668
2436969913,2026-09-02,28746
2438313459,2026-09-02,185518
2441507863,2026-09-02,34947
2444803936,2026-09-02,12899
2448240735,2026-09-02,15683
2458024521,2026-09-02,43268
2458217640,2026-09-02,32093
2458588018,2026-09-02,14382
2458655721,2026-09-02,34922
2458656056,2026-09-02,69459
2458746718,2026-09-02,8526
2458928927,2026-09-02,38905
2459872857,2026-09-02,25657
2461014769,2026-09-02,84346
2461266066,2026-09-02,10592
2461999384,2026-09-02,35376
2465534550,2026-09-02,11550
2465534699,2026-09-02,11786
2466510521,2026-09-02,16983
2466511041,2026-09-02,36587
2466607238,2026-09-02,307319
2472118845,2026-09-02,6589
2475302050,2026-09-02,266432
2475617894,2026-09-02,107602
2476102240,2026-09-02,24684
2479028391,2026-09-02,9713
2481973185,2026-09-02,14924
2490492573,2026-09-02,19576
2491069461,2026-09-02,8237
2491283817,2026-09-02,11461
2491573516,2026-09-02,6562
2494712590,2026-09-02,29768
2497748574,2026-09-02,15138
2498990660,2026-09-02,10196
2502673650,2026-09-02,48571
2508704523,2026-09-02,16037
2512317259,2026-09-02,34383
2512980560,2026-09-02,30162
2514556383,2026-09-02,40069
2517135561,2026-09-02,13726
2517213262,2026-09-02,41730
2520977707,2026-09-02,32292
2523234322,2026-09-02,15463
2525278602,2026-09-02,18764
2529002857,2026-09-02,99726
2529105358,2026-09-02,37736
2537406790,2026-09-02,19132
2544958612,2026-09-02,14138
2548912050,2026-09-02,14708
2555609401,2026-09-02,120804
2558262194,2026-09-02,10389
2558590111,2026-09-02,12320
2559956761,2026-09-02,15074
2559962615,2026-09-02,23814
2571844795,2026-09-02,19844
2572843550,2026-09-02,58008
2574175110,2026-09-02,33377
2576362573,2026-09-02,31743
2579303396,2026-09-02,64046
2582937730,2026-09-02,77487
2583755721,2026-09-02,65227
2584338908,2026-09-02,39284
2598875789,2026-09-02,43273
2602025201,2026-09-02,21915
2603031001,2026-09-02,111106
2603074910,2026-09-02,9398
2603957954,2026-09-02,10921
2604778880,2026-09-02,36648
2607042792,2026-09-02,19131
2608299248,2026-09-02,18309
2608299476,2026-09-02,33266
2608435724,2026-09-02,14554
2609450219,2026-09-02,9237
2614472081,2026-09-02,25010
2616955720,2026-09-02,12878
2618143990,2026-09-02,20140
2619478648,2026-09-02,15672
2620089636,2026-09-02,24410
2621840890,2026-09-02,22024
2622652746,2026-09-02,65139
2626285356,2026-09-02,35358
2626820802,2026-09-02,10697
2627609414,2026-09-02,20410
2628611107,2026-09-02,12934
2629543194,2026-09-02,20480
2631211703,2026-09-02,43148
2633444661,2026-09-02,49153
2635012115,2026-09-02,21023
2637630330,2026-09-02,12445
2641256974,2026-09-02,78394
2644238920,2026-09-02,13321
2645707091,2026-09-02,59522
2646410054,2026-09-02,27175
2648658105,2026-09-02,72661
2651345333,2026-09-02,12044
2652578379,2026-09-02,25773
2653699311,2026-09-02,16747
2653789292,2026-09-02,21366
2660548454,2026-09-02,140308
2662722782,2026-09-02,9631
2662937312,2026-09-02,21130
2663957444,2026-09-02,11877
2667143039,2026-09-02,55629
2667595705,2026-09-02,14349
2672884318,2026-09-02,16175
2679512490,2026-09-02,12133
2683475897,2026-09-02,13534
2687653241,2026-09-02,14959
2689020223,2026-09-02,17936
2691024387,2026-09-02,56649
2702005349,2026-09-02,15367
2710894758,2026-09-02,16827
2717193796,2026-09-02,45854
2719075597,2026-09-02,56134
2728498280,2026-09-02,14149
2732567565,2026-09-02,11830
2735054420,2026-09-02,37649
2737603165,2026-09-02,39757
2738038455,2026-09-02,46730
2743333016,2026-09-02,16897
2745386732,2026-09-02,11632
2748029219,2026-09-02,137617
2752952962,2026-09-02,7114
2754319969,2026-09-02,26893
2765125322,2026-09-02,14274
2766998502,2026-09-02,29473
2769148429,2026-09-02,12007
2770440127,2026-09-02,35713
2774388842,2026-09-02,19377
2774987343,2026-09-02,17287
2775968897,2026-09-02,78734
2776070504,2026-09-02,36217
2783854571,2026-09-02,17009
2783854641,2026-09-02,28299
2784050534,2026-09-02,6452
2784337730,2026-09-02,10665
2785777242,2026-09-02,12130
2785989313,2026-09-02,22421
2786268200,2026-09-02,19416
2786371128,2026-09-02,26745
2787727603,2026-09-02,14967
2788827517,2026-09-02,13877
2788839315,2026-09-02,7299
2790961377,2026-09-02,9452
2791119024,2026-09-02,50681
2797095333,2026-09-02,52549
2804194007,2026-09-02,13985
2806737895,2026-09-02,11329
2806903835,2026-09-02,31221
2807759164,2026-09-02,51918
2807778592,2026-09-02,45719
2808486613,2026-09-02,23638
2809216375,2026-09-02,30793
2809332037,2026-09-02,40102
2809452753,2026-09-02,15408
2810064268,2026-09-02,26020
2811907627,2026-09-02,36403
2812860898,2026-09-02,168046
2812925242,2026-09-02,56061
2813707242,2026-09-02,11376
2814586266,2026-09-02,74896
2815767345,2026-09-02,23621
2816163133,2026-09-02,12718
2816360131,2026-09-02,20485
2819720352,2026-09-02,59952
2820330517,2026-09-02,24682
2821014992,2026-09-02,16030
2821711162,2026-09-02,15293
2822984099,2026-09-02,22851
2822984175,2026-09-02,22751
2825985873,2026-09-02,38496
2825986399,2026-09-02,27790
2829069506,2026-09-02,46432
2829069669,2026-09-02,33298
2830366252,2026-09-02,48228
2830996776,2026-09-02,34090
2830996883,2026-09-02,20180
2831177989,2026-09-02,25255
2831178263,2026-09-02,22521
2833499231,2026-09-02,10921
2837700978,2026-09-02,32139
2838470527,2026-09-02,8843
2841481791,2026-09-02,28808
2846380330,2026-09-02,11793
2847901464,2026-09-02,14700
2851692297,2026-09-02,11207
2854596966,2026-09-02,11341
2856821840,2026-09-02,20040
2863854446,2026-09-02,10379
2865408972,2026-09-02,28214
2866658484,2026-09-02,12977
2868168109,2026-09-02,11566
2868514243,2026-09-02,11000
2868680633,2026-09-02,11616
2871620925,2026-09-02,21526
2871980758,2026-09-02,23371
2871981062,2026-09-02,20535
2873057249,2026-09-02,19211
2874137992,2026-09-02,37147
2875756339,2026-09-02,15734
2875756695,2026-09-02,14546
2878075116,2026-09-02,26604
2885244355,2026-09-02,35522
2888119865,2026-09-02,47430
2897254807,2026-09-02,32619
2897373654,2026-09-02,24997
2898179957,2026-09-02,14026
2898180179,2026-09-02,13749
2902512011,2026-09-02,30314
2907769573,2026-09-02,13865
2909582424,2026-09-02,23690
2909902624,2026-09-02,19541
2914220019,2026-09-02,21969
2916082557,2026-09-02,12488
2916982793,2026-09-02,14937
2919428234,2026-09-02,21250
2919921364,2026-09-02,12423
2930369811,2026-09-02,15764
2930813098,2026-09-02,11110
2932557948,2026-09-02,11127
2932808239,2026-09-02,12692
2934387908,2026-09-02,15865
2935276961,2026-09-02,13114
2938897848,2026-09-02,12406
2941031061,2026-09-02,25145
2942679675,2026-09-02,24936
2945629971,2026-09-02,15507
2945942583,2026-09-02,12504
2946000546,2026-09-02,36406
2948301103,2026-09-02,91303
2950661639,2026-09-02,20408
2951466817,2026-09-02,22614
2951652477,2026-09-02,27495
2954963007,2026-09-02,21325
2955341502,2026-09-02,21194
2956750257,2026-09-02,24703
2956750503,2026-09-02,35828
2958421797,2026-09-02,23384
2958422000,2026-09-02,14876
2960317218,2026-09-02,22566
2960574667,2026-09-02,24056
2972849902,2026-09-02,11695
2976454692,2026-09-02,61417
2976527288,2026-09-02,114793
2976573664,2026-09-02,28234
2979089967,2026-09-02,14774
2980154280,2026-09-02,12938
2982710154,2026-09-02,22057
2990642419,2026-09-02,46147
2994821528,2026-09-02,45597
2997295407,2026-09-02,30667
2997774670,2026-09-02,15373
3002188516,2026-09-02,126475
3003219188,2026-09-02,22067
3005307317,2026-09-02,16384
3010528164,2026-09-02,18591
3011811483,2026-09-02,15009
3022132203,2026-09-02,16063
3032768344,2026-09-02,43227
3039370479,2026-09-02,25113
3051471269,2026-09-02,18201
3062038863,2026-09-02,51924
3065245398,2026-09-02,22276
3067902147,2026-09-02,64188
3079374348,2026-09-02,50873
3081699910,2026-09-02,14662
3082164342,2026-09-02,60845
3086143878,2026-09-02,154825
3086154149,2026-09-02,88464
3090328185,2026-09-02,79140
3094458137,2026-09-02,17601
3099975582,2026-09-02,43908
3108330591,2026-09-02,22495
3109481596,2026-09-02,15475
3110808560,2026-09-02,18282
3142294658,2026-09-02,66859
3153706012,2026-09-02,110100
3163759042,2026-09-02,20209
3164776901,2026-09-02,21095
3165622182,2026-09-02,14297
3170396896,2026-09-02,20875
3172780032,2026-09-02,18697
3173205208,2026-09-02,20156
3173239930,2026-09-02,66035
3173319652,2026-09-02,27032
3181487775,2026-09-02,46545
3182759042,2026-09-02,19838
3193699928,2026-09-02,32899
3195070547,2026-09-02,39057
3241119393,2026-09-02,90631
3241734509,2026-09-02,16637
3243319558,2026-09-02,39431
3243432906,2026-09-02,26894
3243731913,2026-09-02,29900
3245080043,2026-09-02,33237
3245570160,2026-09-02,22092
3248725702,2026-09-02,24042
3250900527,2026-09-02,35999
3275068730,2026-09-02,18255
3278963965,2026-09-02,20120
3301557224,2026-09-02,26354
3330088804,2026-09-02,42918
3339549399,2026-09-02,32107
3343044098,2026-09-02,16213
3344489699,2026-09-02,23255
3359568450,2026-09-02,55512
3361978004,2026-09-02,27398
3361979100,2026-09-02,25410
3365265900,2026-09-02,15123
3370060302,2026-09-02,23542
3372023877,2026-09-02,18046
3378829098,2026-09-02,18655
3385530791,2026-09-02,29712
3387068412,2026-09-02,28668
3388569976,2026-09-02,15116
3393552523,2026-09-02,35379
3405506592,2026-09-02,34019
3430241523,2026-09-02,17857
3451188081,2026-09-02,27325
3472727778,2026-09-02,18265
3478208799,2026-09-02,18199
3481775336,2026-09-02,41783
3482538734,2026-09-02,44666
3482693757,2026-09-02,35549
3483853399,2026-09-02,18768
3486033112,2026-09-02,14724
3486985238,2026-09-02,18926
3491116708,2026-09-02,39201
3496262792,2026-09-02,25714
3532904115,2026-09-02,28781
3538765396,2026-09-02,36692
3556222090,2026-09-02,28209
3575236236,2026-09-02,49574
3576125834,2026-09-02,31279
3607472385,2026-09-02,23039
3701747681,2026-09-02,22182
3723865830,2026-09-02,27911
681481647,2026-09-02,12608
681483874,2026-09-02,25108
681489287,2026-09-02,16609
681553348,2026-09-02,21276
681576508,2026-09-02,118992
681684405,2026-09-02,8783
681699672,2026-09-02,8002
681787759,2026-09-02,19055
681802702,2026-09-02,20023
681803404,2026-09-02,63720
681816257,2026-09-02,25407
681987087,2026-09-02,9006
682090850,2026-09-02,130485
682165224,2026-09-02,102403
682190594,2026-09-02,13468
682272091,2026-09-02,6262
682286863,2026-09-02,5729
682336292,2026-09-02,12752
682691478,2026-09-02,80187
682776251,2026-09-02,41681
682851228,2026-09-02,45145
682914421,2026-09-02,5909
683096962,2026-09-02,8296
683121431,2026-09-02,14720
683175110,2026-09-02,17881
683230077,2026-09-02,411957
683277624,2026-09-02,5056
683328031,2026-09-02,12432
683409704,2026-09-02,74233
683412153,2026-09-02,5687
683594024,2026-09-02,20360
684384680,2026-09-02,11183
684454645,2026-09-02,18488
684509615,2026-09-02,288921
685413774,2026-09-02,47792
686276531,2026-09-02,44458
686666244,2026-09-02,24615
686764629,2026-09-02,12465
686768193,2026-09-02,29266
687037851,2026-09-02,96877
687226658,2026-09-02,65522
687822601,2026-09-02,6944
687882799,2026-09-02,9485
688086068,2026-09-02,134779
688576380,2026-09-02,11792
689601294,2026-09-02,12470
689858852,2026-09-02,6727
690350384,2026-09-02,29286
690969389,2026-09-02,9155
691008512,2026-09-02,29183
692028161,2026-09-02,119720
692253918,2026-09-02,16052
692492543,2026-09-02,71897
693402022,2026-09-02,27320
693447055,2026-09-02,53098
695288963,2026-09-02,12907
696649459,2026-09-02,10129
696905076,2026-09-02,10770
697938908,2026-09-02,287669
701432146,2026-09-02,60691
701739734,2026-09-02,51041
702164152,2026-09-02,5757
703156866,2026-09-02,64769
707297106,2026-09-02,13881
707415339,2026-09-02,5297
708669421,2026-09-02,12999
708752579,2026-09-02,5734
710345134,2026-09-02,13816
711413459,2026-09-02,9374
711825958,2026-09-02,15785
717060367,2026-09-02,16990
717220943,2026-09-02,9514
717498014,2026-09-02,6020
718529178,2026-09-02,10557
718918906,2026-09-02,7237
719712462,2026-09-02,8143
719802418,2026-09-02,6410
720237457,2026-09-02,84495
721416416,2026-09-02,14308
723219794,2026-09-02,16340
725596168,2026-09-02,16604
727000451,2026-09-02,386996
728648312,2026-09-02,5234
731621473,2026-09-02,12674
733386004,2026-09-02,4404
734129025,2026-09-02,59560
734362182,2026-09-02,37270
734843885,2026-09-02,7104
739477966,2026-09-02,16031
741194923,2026-09-02,63998
741930256,2026-09-02,81249
750263062,2026-09-02,32980
751394361,2026-09-02,97744
760594284,2026-09-02,11503
765938943,2026-09-02,66884
768131386,2026-09-02,34612
771132431,2026-09-02,5603
774130053,2026-09-02,14914
775122094,2026-09-02,19736
775944333,2026-09-02,61947
776095610,2026-09-02,12079
779729987,2026-09-02,5269
780559390,2026-09-02,4293
784249404,2026-09-02,16160
784471286,2026-09-02,11273
785299768,2026-09-02,31259
786691625,2026-09-02,5256
787237639,2026-09-02,4419
789959744,2026-09-02,5998
790903721,2026-09-02,48555
791049007,2026-09-02,29522
792538274,2026-09-02,5827
792636965,2026-09-02,41797
794155473,2026-09-02,8177
794390514,2026-09-02,5140
796045259,2026-09-02,4433
796529957,2026-09-02,47371
796547578,2026-09-02,11011
798492527,2026-09-02,8653
798679745,2026-09-02,8367
799999383,2026-09-02,12617
803452214,2026-09-02,4940
803491311,2026-09-02,8987
803553012,2026-09-02,5080
803681792,2026-09-02,18252
804293993,2026-09-02,27633
804732593,2026-09-02,9789
804946681,2026-09-02,5620
810204739,2026-09-02,46330
810929902,2026-09-02,8386
811274428,2026-09-02,4636
814211685,2026-09-02,5434
814332008,2026-09-02,36974
814854383,2026-09-02,12075
815380349,2026-09-02,11644
819007550,2026-09-02,45856
819100775,2026-09-02,12916
819148835,2026-09-02,507697
822305739,2026-09-02,18650
825050563,2026-09-02,24949
828731704,2026-09-02,90357
830391521,2026-09-02,23775
840482374,2026-09-02,34481
844630489,2026-09-02,40501
850142603,2026-09-02,14179
850721710,2026-09-02,22483
850823920,2026-09-02,7850
852005580,2026-09-02,12461
855097786,2026-09-02,29668
861800679,2026-09-02,10612
864541681,2026-09-02,28679
865040033,2026-09-02,272272
868965217,2026-09-02,6015
872596925,2026-09-02,14636
873063455,2026-09-02,12493
876504304,2026-09-02,17239
878598475,2026-09-02,24899
881118424,2026-09-02,9796
885800185,2026-09-02,6470
886734961,2026-09-02,9385
899611868,2026-09-02,5547
899653076,2026-09-02,20207
899795759,2026-09-02,12146
899929086,2026-09-02,19017
900079667,2026-09-02,8398
900785559,2026-09-02,6119
901022971,2026-09-02,10787
901039859,2026-09-02,13763
901614896,2026-09-02,21326
901988941,2026-09-02,6480
902204150,2026-09-02,9314
902204956,2026-09-02,147464
902487845,2026-09-02,8618
902526212,2026-09-02,18808
902696548,2026-09-02,6235
902701397,2026-09-02,7495
903007094,2026-09-02,20139
904956708,2026-09-02,45094
905176884,2026-09-02,7819
905434289,2026-09-02,5306
906953618,2026-09-02,16458
908639878,2026-09-02,27168
909268717,2026-09-02,15018
909670231,2026-09-02,19934
910355834,2026-09-02,9070
910576007,2026-09-02,10935
910751973,2026-09-02,27100
914872677,2026-09-02,10205
915432220,2026-09-02,56985
917206871,2026-09-02,7798
917618322,2026-09-02,5239
922791015,2026-09-02,7639
922893821,2026-09-02,16604
924990631,2026-09-02,100997
925473841,2026-09-02,15221
929140455,2026-09-02,5697
932208450,2026-09-02,5998
932345488,2026-09-02,7766
932869910,2026-09-02,6361
937289339,2026-09-02,437311
939602477,2026-09-02,9849
943263656,2026-09-02,9661
945999514,2026-09-02,8998
946222466,2026-09-02,141876
948359179,2026-09-02,7329
948431670,2026-09-02,10059
948883955,2026-09-02,27878
952438221,2026-09-02,7386
953888861,2026-09-02,16614
954173598,2026-09-02,4107
972423198,2026-09-02,6266
1067631798,2026-09-03,116193
1074841707,2026-09-03,61229
1085097357,2026-09-03,22983
1085848794,2026-09-03,12250
1085907846,2026-09-03,20075
1087781345,2026-09-03,61846
1093279583,2026-09-03,27430
1093286611,2026-09-03,28066
1098915405,2026-09-03,7348
1100284147,2026-09-03,204917
1107423111,2026-09-03,31459
1112740619,2026-09-03,23124
1121692237,2026-09-03,570097
1123086074,2026-09-03,31818
1126014321,2026-09-03,11623
1128927140,2026-09-03,18468
1129879777,2026-09-03,24035
1140780022,2026-09-03,14583
1142142725,2026-09-03,13280
1142647596,2026-09-03,7212
1144654097,2026-09-03,25489
1148241123,2026-09-03,6400
1148614148,2026-09-03,5203
1159908355,2026-09-03,11234
1160316076,2026-09-03,9813
1168376022,2026-09-03,9358
1170859543,2026-09-03,8388
1173746413,2026-09-03,6733
1173995428,2026-09-03,23661
1180299890,2026-09-03,20951
1181575896,2026-09-03,16306
1199002146,2026-09-03,311493
1210945403,2026-09-03,15583
1212536129,2026-09-03,7783
1215611424,2026-09-03,15049
1219847230,2026-09-03,32272
1223822935,2026-09-03,30177
1227620643,2026-09-03,178676
1230096820,2026-09-03,73797
1234426616,2026-09-03,19723
1239558744,2026-09-03,10578
1242221332,2026-09-03,7431
1249001485,2026-09-03,11959
1255082381,2026-09-03,4529
1255617173,2026-09-03,15463
1261141644,2026-09-03,45543
1261144072,2026-09-03,4523
1279836097,2026-09-03,14258
1286356239,2026-09-03,14578
1290047689,2026-09-03,4568
1292000683,2026-09-03,4648
1294720127,2026-09-03,12254
1299739260,2026-09-03,5795
1302897684,2026-09-03,93928
1302967002,2026-09-03,8550
1302974986,2026-09-03,9248
1303807781,2026-09-03,11298
1310381862,2026-09-03,10101
1310670900,2026-09-03,6499
1311725711,2026-09-03,186173
1313065097,2026-09-03,3746
1314648742,2026-09-03,5068
1314805272,2026-09-03,7636
1315017527,2026-09-03,20316
1315030839,2026-09-03,14882
1316044027,2026-09-03,8983
1317022177,2026-09-03,10347
1319264195,2026-09-03,10222
1320158755,2026-09-03,16709
1320989536,2026-09-03,26920
1321344591,2026-09-03,53251
1322023193,2026-09-03,6961
1323169277,2026-09-03,3930
1323750659,2026-09-03,9068
1324539009,2026-09-03,3380
1324813584,2026-09-03,32637
1327874725,2026-09-03,12721
1328104435,2026-09-03,11128
1333526620,2026-09-03,64774
1336349704,2026-09-03,13126
1340817672,2026-09-03,27470
1343811959,2026-09-03,40242
1345239366,2026-09-03,5509
1346877266,2026-09-03,39675
1348876762,2026-09-03,14409
1350339022,2026-09-03,7474
1351268991,2026-09-03,18040
1351653132,2026-09-03,6972
1351953375,2026-09-03,13698
1353547443,2026-09-03,42052
1355094979,2026-09-03,15743
1359700418,2026-09-03,24207
1360500017,2026-09-03,20352
1364760456,2026-09-03,6744
1365485813,2026-09-03,5485
1366244440,2026-09-03,5992
1373224279,2026-09-03,13354
1374229669,2026-09-03,20570
1381214767,2026-09-03,12222
1385175538,2026-09-03,9824
1386911531,2026-09-03,24453
1390963071,2026-09-03,6386
1394094004,2026-09-03,11355
1395096076,2026-09-03,15281
1397793683,2026-09-03,8895
1399069277,2026-09-03,10262
1400726514,2026-09-03,4369
1407118357,2026-09-03,8052
1410753850,2026-09-03,4401
1412308130,2026-09-03,11320
1412637064,2026-09-03,9124
1414213153,2026-09-03,20942
1417984165,2026-09-03,11785
1419304439,2026-09-03,177450
1420427657,2026-09-03,14577
1422271755,2026-09-03,4663
1436141067,2026-09-03,7081
1439513019,2026-09-03,6874
1440941890,2026-09-03,23118
1445668908,2026-09-03,8401
1445669234,2026-09-03,4880
1455861246,2026-09-03,42769
1457731350,2026-09-03,15116
1467714013,2026-09-03,11523
1468105710,2026-09-03,45317
1468136930,2026-09-03,30821
1481972266,2026-09-03,63857
1489142966,2026-09-03,10245
1492025820,2026-09-03,19941
1504307690,2026-09-03,92570
1506078758,2026-09-03,81839
1506079443,2026-09-03,42507
1506079770,2026-09-03,20904
1506080933,2026-09-03,21455
1506081116,2026-09-03,22147
1506081421,2026-09-03,93620
1506083796,2026-09-03,42127
1506085043,2026-09-03,14973
1509094777,2026-09-03,5067
1511046299,2026-09-03,7408
1516881814,2026-09-03,7548
1519236931,2026-09-03,5763
1523039190,2026-09-03,7876
1524724960,2026-09-03,7619
1534545104,2026-09-03,4807
1535507574,2026-09-03,10134
1544526280,2026-09-03,8534
1566822652,2026-09-03,11361
1566961776,2026-09-03,14404
1575843310,2026-09-03,7372
1584361127,2026-09-03,7311
1585106954,2026-09-03,16194
1586639570,2026-09-03,14769
1587178040,2026-09-03,93360
1587386821,2026-09-03,4899
1588853224,2026-09-03,28299
1590362799,2026-09-03,31380
1591647610,2026-09-03,34976
1592149666,2026-09-03,10106
1593221761,2026-09-03,5706
1595876588,2026-09-03,354548
1597881336,2026-09-03,14648
1607524900,2026-09-03,10402
1609801017,2026-09-03,13551
1610020781,2026-09-03,3850
1610578060,2026-09-03,190504
1612679489,2026-09-03,7521
1613766846,2026-09-03,8672
1613880809,2026-09-03,6902
1614701435,2026-09-03,14738
1616934635,2026-09-03,11676
1617534169,2026-09-03,38218
1618459811,2026-09-03,6178
1620838511,2026-09-03,13937
1623423360,2026-09-03,1245457
1623423504,2026-09-03,144861
1627919748,2026-09-03,15159
1628912584,2026-09-03,180813
1629519297,2026-09-03,29434
1630649870,2026-09-03,118779
1630977779,2026-09-03,6809
1631985204,2026-09-03,18647
1633386532,2026-09-03,6147
1635116455,2026-09-03,13346
1635222296,2026-09-03,3657
1635709389,2026-09-03,87912
1636492142,2026-09-03,6652
1637053139,2026-09-03,7382
1641168812,2026-09-03,12053
1641807098,2026-09-03,53588
1647628520,2026-09-03,20825
1649338884,2026-09-03,15850
1649442597,2026-09-03,49793
1651768817,2026-09-03,16251
1653043481,2026-09-03,9400
1659533826,2026-09-03,7613
1660102639,2026-09-03,9213
1660235095,2026-09-03,7416
1661428827,2026-09-03,17667
1665106451,2026-09-03,18440
1683228401,2026-09-03,6016
1688887083,2026-09-03,198621
1690425831,2026-09-03,5300
1693982756,2026-09-03,41043
1701529356,2026-09-03,6684
1707957948,2026-09-03,8377
1708335879,2026-09-03,12671
1712760331,2026-09-03,52677
1715190550,2026-09-03,80168
1715523918,2026-09-03,9706
1717372176,2026-09-03,7060
1717781690,2026-09-03,7332
1720760712,2026-09-03,12427
1726290528,2026-09-03,24016
1728214912,2026-09-03,8359
1729817458,2026-09-03,5424
1732437279,2026-09-03,175935
1732447147,2026-09-03,190740
1740165239,2026-09-03,215327
1742527573,2026-09-03,4995
1743133825,2026-09-03,4898
1747099270,2026-09-03,211225
1747995732,2026-09-03,81543
1748517193,2026-09-03,8296
1754875978,2026-09-03,11419
1761353630,2026-09-03,10245
1762062219,2026-09-03,7036
1762619605,2026-09-03,4877
1764704051,2026-09-03,6532
1771058495,2026-09-03,5571
1773441054,2026-09-03,5528
1777266185,2026-09-03,17084
1780481482,2026-09-03,144185
1780597499,2026-09-03,30851
1786095925,2026-09-03,12508
1790861374,2026-09-03,13773
1793768254,2026-09-03,93521
1796402967,2026-09-03,12131
1796418794,2026-09-03,14557
1800624677,2026-09-03,5659
1812858232,2026-09-03,6310
1813104049,2026-09-03,7888
1813390120,2026-09-03,27759
1818025496,2026-09-03,68680
1819594115,2026-09-03,7173
1824937448,2026-09-03,7231
1828891972,2026-09-03,13872
1834433554,2026-09-03,34938
1834615504,2026-09-03,6288
1836457943,2026-09-03,46194
1843305631,2026-09-03,7954
1844363786,2026-09-03,5468
1848976806,2026-09-03,14256
1863514508,2026-09-03,34821
1866576239,2026-09-03,123035
1867143071,2026-09-03,7086
1868834704,2026-09-03,5232
1870741383,2026-09-03,6256
1871684873,2026-09-03,18844
1873097578,2026-09-03,71101
1878473679,2026-09-03,244538
1878601358,2026-09-03,21753
1880071041,2026-09-03,43050
1881017456,2026-09-03,10701
1885775216,2026-09-03,46917
1885791325,2026-09-03,8527
1886496498,2026-09-03,45221
1887282318,2026-09-03,133503
1890399946,2026-09-03,181629
1890873104,2026-09-03,21824
1890983593,2026-09-03,4626
1892802718,2026-09-03,7015
1893193650,2026-09-03,8483
1899061789,2026-09-03,48505
1900830460,2026-09-03,36857
1902551988,2026-09-03,9095
1915620447,2026-09-03,82541
1915625799,2026-09-03,22819
1917973338,2026-09-03,5507
1918281610,2026-09-03,86034
1918294643,2026-09-03,8382
1922397818,2026-09-03,14785
1923444292,2026-09-03,19535
1928831043,2026-09-03,88330
1934610438,2026-09-03,26297
1939754080,2026-09-03,8085
1943060017,2026-09-03,12401
1944445511,2026-09-03,23276
1961367151,2026-09-03,8293
1961723204,2026-09-03,38569
1962426321,2026-09-03,23778
1970249743,2026-09-03,187482
1978311827,2026-09-03,9272
1988230377,2026-09-03,18652
1990079757,2026-09-03,4900
1990646390,2026-09-03,7386
1991568775,2026-09-03,16506
1992015610,2026-09-03,4814
1993018111,2026-09-03,67421
1993869579,2026-09-03,98623
1995601384,2026-09-03,62946
1998204784,2026-09-03,78174
1999328266,2026-09-03,81102
1999512770,2026-09-03,15898
2001695790,2026-09-03,19311
2008054135,2026-09-03,15939
2017870391,2026-09-03,13045
2017891552,2026-09-03,27731
2019845637,2026-09-03,14596
2019852305,2026-09-03,14534
2019865539,2026-09-03,9584
2020164764,2026-09-03,14604
2024528246,2026-09-03,33785
2025131190,2026-09-03,44614
2026330346,2026-09-03,9352
2026367756,2026-09-03,42916
2027001560,2026-09-03,9467
2027015321,2026-09-03,213061
2027051983,2026-09-03,43655
2027087815,2026-09-03,7809
2028670202,2026-09-03,9926
2028826064,2026-09-03,17031
2029267357,2026-09-03,4746
2030472413,2026-09-03,57611
2031609146,2026-09-03,9990
2032118923,2026-09-03,20622
2032299408,2026-09-03,6119
2036051710,2026-09-03,5381
2037107797,2026-09-03,13926
2038973356,2026-09-03,23424
2040763291,2026-09-03,7689
2042882182,2026-09-03,8083
2044053450,2026-09-03,6604
2044599287,2026-09-03,28387
2047260446,2026-09-03,52315
2054717582,2026-09-03,17518
2058219282,2026-09-03,11975
2059474384,2026-09-03,20357
2060393654,2026-09-03,19419
2062843706,2026-09-03,18886
2062846721,2026-09-03,20735
2062849120,2026-09-03,24309
2065121501,2026-09-03,5813
2066101156,2026-09-03,7395
2066393985,2026-09-03,28698
2066815588,2026-09-03,11255
2068768158,2026-09-03,30714
2070082709,2026-09-03,40663
2077186491,2026-09-03,197109
2079926133,2026-09-03,37327
2094489751,2026-09-03,7873
2096162410,2026-09-03,38670
2097152337,2026-09-03,12084
2097903490,2026-09-03,5494
2104240928,2026-09-03,4522
2104495359,2026-09-03,19488
2104538771,2026-09-03,36506
2106506823,2026-09-03,7097
2113865264,2026-09-03,19716
2114559224,2026-09-03,8015
2116422940,2026-09-03,92201
2119847182,2026-09-03,7254
2123646681,2026-09-03,20799
2130835957,2026-09-03,25300
2131014154,2026-09-03,268477
2136166095,2026-09-03,15871
2145844864,2026-09-03,11578
2147847286,2026-09-03,20344
2148259818,2026-09-03,39719
2149196786,2026-09-03,7740
2158207688,2026-09-03,7068
2160610678,2026-09-03,20156
2174082869,2026-09-03,33581
2177145527,2026-09-03,15610
2178603631,2026-09-03,47471
2183551683,2026-09-03,33309
2184737698,2026-09-03,37325
2187470106,2026-09-03,5130
2195523300,2026-09-03,69689
2202461067,2026-09-03,27493
2218335517,2026-09-03,21358
2218870708,2026-09-03,8654
2219070393,2026-09-03,10494
2219753980,2026-09-03,5728
2234187039,2026-09-03,47812
2239515632,2026-09-03,8629
2244483797,2026-09-03,52331
2247427791,2026-09-03,9163
2250100617,2026-09-03,28610
2252156569,2026-09-03,7511
2252191029,2026-09-03,12828
2257071139,2026-09-03,20990
2257643981,2026-09-03,12425
2261313592,2026-09-03,30756
2268189539,2026-09-03,24905
2268843111,2026-09-03,24207
2273568769,2026-09-03,9782
2273835333,2026-09-03,7116
2274356555,2026-09-03,9179
2280945168,2026-09-03,28200
2284514368,2026-09-03,153486
2288335512,2026-09-03,64401
2290797357,2026-09-03,6487
2293169684,2026-09-03,22230
2293827000,2026-09-03,28136
2305790641,2026-09-03,27038
2306455054,2026-09-03,67070
2310338497,2026-09-03,6570
2310933502,2026-09-03,13969
2332047637,2026-09-03,14564
2354506714,2026-09-03,22136
2360265002,2026-09-03,10244
2377505917,2026-09-03,18337
2389164674,2026-09-03,24570
2389589691,2026-09-03,110209
2400964705,2026-09-03,16935
2407436476,2026-09-03,129560
2409044128,2026-09-03,105650
2409209888,2026-09-03,223719
2409276081,2026-09-03,224098
2409550266,2026-09-03,10941
2409578462,2026-09-03,4527
2411756240,2026-09-03,6837
2411774658,2026-09-03,23660
2411818376,2026-09-03,259354
2417206619,2026-09-03,15365
2423471739,2026-09-03,50426
2434790082,2026-09-03,21327
2436408502,2026-09-03,16620
2436969913,2026-09-03,28763
2438313459,2026-09-03,185829
2441507863,2026-09-03,34802
2444803936,2026-09-03,12900
2448240735,2026-09-03,15713
2458024521,2026-09-03,43089
2458217640,2026-09-03,32090
2458588018,2026-09-03,14358
2458655721,2026-09-03,34972
2458656056,2026-09-03,69846
2458746718,2026-09-03,8523
2458928927,2026-09-03,38871
2459872857,2026-09-03,25762
2461014769,2026-09-03,84475
2461266066,2026-09-03,10592
2461999384,2026-09-03,35426
2465534550,2026-09-03,11530
2465534699,2026-09-03,11768
2466510521,2026-09-03,16991
2466511041,2026-09-03,36691
2466607238,2026-09-03,308382
2472118845,2026-09-03,6589
2475302050,2026-09-03,267497
2475617894,2026-09-03,107934
2476102240,2026-09-03,24609
2479028391,2026-09-03,9713
2481973185,2026-09-03,14928
2490492573,2026-09-03,19542
2491069461,2026-09-03,8237
2491283817,2026-09-03,11449
2491573516,2026-09-03,6562
2494712590,2026-09-03,29668
2497748574,2026-09-03,15138
2498990660,2026-09-03,10167
2502673650,2026-09-03,48447
2508704523,2026-09-03,15945
2512317259,2026-09-03,34595
2512980560,2026-09-03,30116
2514556383,2026-09-03,40135
2517135561,2026-09-03,13726
2517213262,2026-09-03,41832
2520977707,2026-09-03,32238
2523234322,2026-09-03,15414
2525278602,2026-09-03,18752
2529002857,2026-09-03,99390
2529105358,2026-09-03,37683
2537406790,2026-09-03,19160
2544958612,2026-09-03,14161
2548912050,2026-09-03,14649
2555609401,2026-09-03,120497
2558262194,2026-09-03,10375
2558590111,2026-09-03,12286
2559956761,2026-09-03,15074
2559962615,2026-09-03,23803
2571844795,2026-09-03,19890
2572843550,2026-09-03,57939
2574175110,2026-09-03,33358
2576362573,2026-09-03,31659
2579303396,2026-09-03,63974
2582937730,2026-09-03,77944
2583755721,2026-09-03,64742
2584338908,2026-09-03,39237
2598875789,2026-09-03,43216
2602025201,2026-09-03,21828
2603031001,2026-09-03,111016
2603074910,2026-09-03,9398
2603957954,2026-09-03,10912
2604778880,2026-09-03,36696
2607042792,2026-09-03,19064
2608299248,2026-09-03,18323
2608299476,2026-09-03,33263
2608435724,2026-09-03,14494
2609450219,2026-09-03,9216
2614472081,2026-09-03,25069
2616955720,2026-09-03,12862
2618143990,2026-09-03,20152
2619478648,2026-09-03,15676
2620089636,2026-09-03,24434
2621840890,2026-09-03,21972
2622652746,2026-09-03,65314
2626285356,2026-09-03,35604
2626820802,2026-09-03,10697
2627609414,2026-09-03,20276
2628611107,2026-09-03,12885
2629543194,2026-09-03,20513
2631211703,2026-09-03,43001
2633444661,2026-09-03,49394
2635012115,2026-09-03,20994
2637630330,2026-09-03,12445
2641256974,2026-09-03,78603
2644238920,2026-09-03,13321
2645707091,2026-09-03,59375
2646410054,2026-09-03,27117
2648658105,2026-09-03,73233
2651345333,2026-09-03,12044
2652578379,2026-09-03,25746
2653699311,2026-09-03,16789
2653789292,2026-09-03,21542
2660548454,2026-09-03,140807
2662722782,2026-09-03,9631
2662937312,2026-09-03,21144
2663957444,2026-09-03,11877
2667143039,2026-09-03,55798
2667595705,2026-09-03,14360
2672884318,2026-09-03,16180
2679512490,2026-09-03,12133
2683475897,2026-09-03,13542
2687653241,2026-09-03,14965
2689020223,2026-09-03,17920
2691024387,2026-09-03,57029
2702005349,2026-09-03,15376
2710894758,2026-09-03,16827
2717193796,2026-09-03,45521
2719075597,2026-09-03,56385
2728498280,2026-09-03,14154
2732567565,2026-09-03,11830
2735054420,2026-09-03,37710
2737603165,2026-09-03,39672
2738038455,2026-09-03,46668
2743333016,2026-09-03,16899
2745386732,2026-09-03,11632
2748029219,2026-09-03,138043
2752952962,2026-09-03,7114
2754319969,2026-09-03,26910
2765125322,2026-09-03,14289
2766998502,2026-09-03,29689
2769148429,2026-09-03,12001
2770440127,2026-09-03,35651
2774388842,2026-09-03,19282
2774987343,2026-09-03,17254
2775968897,2026-09-03,79100
2776070504,2026-09-03,36406
2783854571,2026-09-03,17009
2783854641,2026-09-03,28390
2784050534,2026-09-03,6452
2784337730,2026-09-03,10654
2785777242,2026-09-03,12159
2785989313,2026-09-03,22378
2786268200,2026-09-03,19294
2786371128,2026-09-03,26663
2787727603,2026-09-03,14967
2788827517,2026-09-03,13857
2788839315,2026-09-03,7299
2790961377,2026-09-03,9452
2791119024,2026-09-03,50675
2797095333,2026-09-03,52499
2804194007,2026-09-03,13998
2806737895,2026-09-03,11307
2806903835,2026-09-03,31317
2807759164,2026-09-03,51566
2807778592,2026-09-03,45270
2808486613,2026-09-03,23675
2809216375,2026-09-03,30802
2809332037,2026-09-03,40122
2809452753,2026-09-03,15321
2810064268,2026-09-03,26046
2811907627,2026-09-03,36466
2812860898,2026-09-03,168905
2812925242,2026-09-03,56260
2813707242,2026-09-03,11376
2814586266,2026-09-03,74803
2815767345,2026-09-03,23610
2816163133,2026-09-03,12718
2816360131,2026-09-03,20489
2819720352,2026-09-03,60167
2820330517,2026-09-03,24816
2821014992,2026-09-03,15999
2821711162,2026-09-03,15275
2822984099,2026-09-03,22876
2822984175,2026-09-03,22815
2825985873,2026-09-03,38565
2825986399,2026-09-03,27878
2829069506,2026-09-03,46540
2829069669,2026-09-03,33373
2830366252,2026-09-03,48005
2830996776,2026-09-03,34293
2830996883,2026-09-03,20181
2831177989,2026-09-03,25301
2831178263,2026-09-03,22584
2833499231,2026-09-03,10921
2837700978,2026-09-03,32094
2838470527,2026-09-03,8828
2841481791,2026-09-03,28849
2846380330,2026-09-03,11793
2847901464,2026-09-03,14697
2851692297,2026-09-03,11207
2854596966,2026-09-03,11328
2856821840,2026-09-03,20059
2863854446,2026-09-03,10379
2865408972,2026-09-03,28398
2866658484,2026-09-03,12957
2868168109,2026-09-03,11546
2868514243,2026-09-03,11000
2868680633,2026-09-03,11616
2871620925,2026-09-03,21469
2871980758,2026-09-03,23404
2871981062,2026-09-03,20563
2873057249,2026-09-03,19217
2874137992,2026-09-03,37280
2875756339,2026-09-03,15734
2875756695,2026-09-03,14546
2878075116,2026-09-03,26693
2885244355,2026-09-03,35570
2888119865,2026-09-03,47376
2897254807,2026-09-03,32620
2897373654,2026-09-03,25100
2898179957,2026-09-03,14026
2898180179,2026-09-03,13749
2902512011,2026-09-03,30166
2907769573,2026-09-03,13865
2909582424,2026-09-03,23709
2909902624,2026-09-03,19541
2914220019,2026-09-03,21757
2916082557,2026-09-03,12488
2916982793,2026-09-03,14900
2919428234,2026-09-03,21239
2919921364,2026-09-03,12423
2930369811,2026-09-03,15752
2930813098,2026-09-03,11110
2932557948,2026-09-03,11127
2932808239,2026-09-03,12663
2934387908,2026-09-03,15845
2935276961,2026-09-03,13114
2938897848,2026-09-03,12406
2941031061,2026-09-03,25159
2942679675,2026-09-03,24970
2945629971,2026-09-03,15507
2945942583,2026-09-03,12504
2946000546,2026-09-03,36445
2948301103,2026-09-03,91423
2950661639,2026-09-03,20360
2951466817,2026-09-03,22482
2951652477,2026-09-03,27389
2954963007,2026-09-03,21318
2955341502,2026-09-03,21194
2956750257,2026-09-03,24728
2956750503,2026-09-03,35854
2958421797,2026-09-03,23251
2958422000,2026-09-03,14876
2960317218,2026-09-03,22673
2960574667,2026-09-03,24098
2972849902,2026-09-03,11695
2976454692,2026-09-03,61600
2976527288,2026-09-03,115334
2976573664,2026-09-03,28159
2979089967,2026-09-03,14774
2980154280,2026-09-03,12938
2982710154,2026-09-03,22086
2990642419,2026-09-03,46161
2994821528,2026-09-03,45674
2997295407,2026-09-03,30706
2997774670,2026-09-03,15373
3002188516,2026-09-03,127355
3003219188,2026-09-03,22067
3005307317,2026-09-03,16384
3010528164,2026-09-03,18591
3011811483,2026-09-03,15018
3022132203,2026-09-03,16063
3032768344,2026-09-03,43479
3039370479,2026-09-03,25120
3051471269,2026-09-03,18186
3062038863,2026-09-03,51387
3065245398,2026-09-03,22283
3067902147,2026-09-03,64561
3079374348,2026-09-03,50298
3081699910,2026-09-03,14662
3082164342,2026-09-03,61178
3086143878,2026-09-03,156476
3086154149,2026-09-03,89824
3090328185,2026-09-03,79923
3094458137,2026-09-03,17601
3099975582,2026-09-03,44014
3108330591,2026-09-03,22495
3109481596,2026-09-03,15475
3110808560,2026-09-03,18300
3142294658,2026-09-03,67173
3153706012,2026-09-03,110764
3163759042,2026-09-03,20209
3164776901,2026-09-03,21095
3165622182,2026-09-03,14297
3170396896,2026-09-03,20875
3172780032,2026-09-03,18697
3173205208,2026-09-03,20150
3173239930,2026-09-03,66409
3173319652,2026-09-03,27038
3181487775,2026-09-03,46384
3182759042,2026-09-03,19838
3193699928,2026-09-03,32740
3195070547,2026-09-03,39029
3241119393,2026-09-03,91036
3241734509,2026-09-03,16637
3243319558,2026-09-03,39608
3243432906,2026-09-03,26888
3243731913,2026-09-03,30028
3245080043,2026-09-03,33278
3245570160,2026-09-03,22106
3248725702,2026-09-03,24065
3250900527,2026-09-03,36054
3275068730,2026-09-03,18255
3278963965,2026-09-03,20120
3301557224,2026-09-03,26354
3330088804,2026-09-03,43375
3339549399,2026-09-03,32605
3343044098,2026-09-03,16213
3344489699,2026-09-03,23258
3359568450,2026-09-03,56767
3361978004,2026-09-03,27423
3361979100,2026-09-03,25412
3365265900,2026-09-03,15082
3370060302,2026-09-03,23580
3372023877,2026-09-03,18046
3378829098,2026-09-03,18655
3385530791,2026-09-03,30010
3387068412,2026-09-03,28751
3388569976,2026-09-03,15116
3393552523,2026-09-03,35585
3405506592,2026-09-03,33963
3430241523,2026-09-03,17857
3451188081,2026-09-03,27378
3472727778,2026-09-03,18265
3478208799,2026-09-03,18199
3481775336,2026-09-03,42127
3482538734,2026-09-03,45030
3482693757,2026-09-03,35801
3483853399,2026-09-03,18768
3486033112,2026-09-03,14724
3486985238,2026-09-03,18926
3491116708,2026-09-03,39542
3496262792,2026-09-03,25714
3532904115,2026-09-03,28781
3538765396,2026-09-03,37171
3556222090,2026-09-03,28277
3575236236,2026-09-03,50411
3576125834,2026-09-03,31445
3607472385,2026-09-03,23039
3701747681,2026-09-03,22182
3723865830,2026-09-03,27911
681481647,2026-09-03,12589
681483874,2026-09-03,25160
681489287,2026-09-03,16609
681553348,2026-09-03,21245
681576508,2026-09-03,118959
681684405,2026-09-03,8779
681699672,2026-09-03,8000
681787759,2026-09-03,19032
681802702,2026-09-03,19994
681803404,2026-09-03,63691
681816257,2026-09-03,25369
681987087,2026-09-03,9004
682090850,2026-09-03,130402
682165224,2026-09-03,102263
682190594,2026-09-03,13440
682272091,2026-09-03,6262
682286863,2026-09-03,5729
682336292,2026-09-03,12748
682691478,2026-09-03,80160
682776251,2026-09-03,41638
682851228,2026-09-03,45351
682914421,2026-09-03,5909
683096962,2026-09-03,8292
683121431,2026-09-03,14687
683175110,2026-09-03,17845
683230077,2026-09-03,412490
683277624,2026-09-03,5056
683328031,2026-09-03,12413
683409704,2026-09-03,74168
683412153,2026-09-03,5687
683594024,2026-09-03,20448
684384680,2026-09-03,11171
684454645,2026-09-03,18451
684509615,2026-09-03,288395
685413774,2026-09-03,47799
686276531,2026-09-03,44382
686666244,2026-09-03,24576
686764629,2026-09-03,12461
686768193,2026-09-03,29264
687037851,2026-09-03,96738
687226658,2026-09-03,65609
687822601,2026-09-03,6943
687882799,2026-09-03,9479
688086068,2026-09-03,134861
688576380,2026-09-03,11779
689601294,2026-09-03,12509
689858852,2026-09-03,6728
690350384,2026-09-03,29225
690969389,2026-09-03,9155
691008512,2026-09-03,29156
692028161,2026-09-03,119556
692253918,2026-09-03,16012
692492543,2026-09-03,71794
693402022,2026-09-03,27289
693447055,2026-09-03,53020
695288963,2026-09-03,12848
696649459,2026-09-03,10124
696905076,2026-09-03,10757
697938908,2026-09-03,287668
701432146,2026-09-03,60743
701739734,2026-09-03,50996
702164152,2026-09-03,5757
703156866,2026-09-03,64821
707297106,2026-09-03,13855
707415339,2026-09-03,5297
708669421,2026-09-03,12986
708752579,2026-09-03,5734
710345134,2026-09-03,13806
711413459,2026-09-03,9354
711825958,2026-09-03,15791
717060367,2026-09-03,16968
717220943,2026-09-03,9514
717498014,2026-09-03,6020
718529178,2026-09-03,10547
718918906,2026-09-03,7237
719712462,2026-09-03,8131
719802418,2026-09-03,6410
720237457,2026-09-03,84366
721416416,2026-09-03,14292
723219794,2026-09-03,16312
725596168,2026-09-03,16584
727000451,2026-09-03,387595
728648312,2026-09-03,5234
731621473,2026-09-03,12653
733386004,2026-09-03,4404
734129025,2026-09-03,59510
734362182,2026-09-03,37204
734843885,2026-09-03,7104
739477966,2026-09-03,15999
741194923,2026-09-03,63896
741930256,2026-09-03,81110
750263062,2026-09-03,32926
751394361,2026-09-03,97598
760594284,2026-09-03,11468
765938943,2026-09-03,66756
768131386,2026-09-03,34563
771132431,2026-09-03,5603
774130053,2026-09-03,14886
775122094,2026-09-03,19715
775944333,2026-09-03,61860
776095610,2026-09-03,12061
779729987,2026-09-03,5268
780559390,2026-09-03,4293
784249404,2026-09-03,16134
784471286,2026-09-03,11273
785299768,2026-09-03,31211
786691625,2026-09-03,5256
787237639,2026-09-03,4419
789959744,2026-09-03,5993
790903721,2026-09-03,48474
791049007,2026-09-03,29465
792538274,2026-09-03,5826
792636965,2026-09-03,41764
794155473,2026-09-03,8171
794390514,2026-09-03,5139
796045259,2026-09-03,4433
796529957,2026-09-03,47281
796547578,2026-09-03,10973
798492527,2026-09-03,8653
798679745,2026-09-03,8362
799999383,2026-09-03,12599
803452214,2026-09-03,4940
803491311,2026-09-03,8980
803553012,2026-09-03,5080
803681792,2026-09-03,18226
804293993,2026-09-03,27592
804732593,2026-09-03,9761
804946681,2026-09-03,5617
810204739,2026-09-03,46254
810929902,2026-09-03,8371
811274428,2026-09-03,4636
814211685,2026-09-03,5432
814332008,2026-09-03,36872
814854383,2026-09-03,12073
815380349,2026-09-03,11628
819007550,2026-09-03,45776
819100775,2026-09-03,12913
819148835,2026-09-03,508578
822305739,2026-09-03,18625
825050563,2026-09-03,24933
828731704,2026-09-03,90394
830391521,2026-09-03,23736
840482374,2026-09-03,34423
844630489,2026-09-03,40445
850142603,2026-09-03,14137
850721710,2026-09-03,22406
850823920,2026-09-03,7844
852005580,2026-09-03,12422
855097786,2026-09-03,29682
861800679,2026-09-03,10598
864541681,2026-09-03,28611
865040033,2026-09-03,272674
868965217,2026-09-03,6014
872596925,2026-09-03,14611
873063455,2026-09-03,12471
876504304,2026-09-03,17221
878598475,2026-09-03,24854
881118424,2026-09-03,9798
885800185,2026-09-03,6470
886734961,2026-09-03,9362
899611868,2026-09-03,5543
899653076,2026-09-03,20183
899795759,2026-09-03,12118
899929086,2026-09-03,18979
900079667,2026-09-03,8392
900785559,2026-09-03,6119
901022971,2026-09-03,10789
901039859,2026-09-03,13733
901614896,2026-09-03,21287
901988941,2026-09-03,6478
902204150,2026-09-03,9303
902204956,2026-09-03,147263
902487845,2026-09-03,8614
902526212,2026-09-03,18789
902696548,2026-09-03,6235
902701397,2026-09-03,7491
903007094,2026-09-03,20123
904956708,2026-09-03,44997
905176884,2026-09-03,7817
905434289,2026-09-03,5306
906953618,2026-09-03,16419
908639878,2026-09-03,27102
909268717,2026-09-03,14998
909670231,2026-09-03,19883
910355834,2026-09-03,9061
910576007,2026-09-03,10944
910751973,2026-09-03,26983
914872677,2026-09-03,10196
915432220,2026-09-03,56964
917206871,2026-09-03,7796
917618322,2026-09-03,5239
922791015,2026-09-03,7639
922893821,2026-09-03,16571
924990631,2026-09-03,100847
925473841,2026-09-03,15217
929140455,2026-09-03,5697
932208450,2026-09-03,5998
932345488,2026-09-03,7766
932869910,2026-09-03,6359
937289339,2026-09-03,438476
939602477,2026-09-03,9840
943263656,2026-09-03,9647
945999514,2026-09-03,8989
946222466,2026-09-03,142063
948359179,2026-09-03,7330
948431670,2026-09-03,10047
948883955,2026-09-03,27826
952438221,2026-09-03,7389
953888861,2026-09-03,16558
954173598,2026-09-03,4107
972423198,2026-09-03,6264
1067631798,2026-09-04,116193
1074841707,2026-09-04,61229
1085097357,2026-09-04,22983
1085848794,2026-09-04,12250
1085907846,2026-09-04,20075
1087781345,2026-09-04,61846
1093279583,2026-09-04,27430
1093286611,2026-09-04,28066
1098915405,2026-09-04,7348
1100284147,2026-09-04,204917
1107423111,2026-09-04,31459
1112740619,2026-09-04,23124
1121692237,2026-09-04,570097
1123086074,2026-09-04,31818
1126014321,2026-09-04,11623
1128927140,2026-09-04,18468
1129879777,2026-09-04,24035
1140780022,2026-09-04,14583
1142142725,2026-09-04,13280
1142647596,2026-09-04,7208
1144654097,2026-09-04,25489
1148241123,2026-09-04,6400
1148614148,2026-09-04,5203
1159908355,2026-09-04,11234
1160316076,2026-09-04,9813
1168376022,2026-09-04,9358
1170859543,2026-09-04,8388
1173746413,2026-09-04,6733
1173995428,2026-09-04,23661
1180299890,2026-09-04,20951
1181575896,2026-09-04,16306
1199002146,2026-09-04,311493
1210945403,2026-09-04,15583
1212536129,2026-09-04,7783
1215611424,2026-09-04,15049
1219847230,2026-09-04,32272
1223822935,2026-09-04,30177
1227620643,2026-09-04,178676
1230096820,2026-09-04,73797
1234426616,2026-09-04,19723
1239558744,2026-09-04,10578
1242221332,2026-09-04,7431
1249001485,2026-09-04,11959
1255082381,2026-09-04,4529
1255617173,2026-09-04,15463
1261141644,2026-09-04,45543
1261144072,2026-09-04,4523
1279836097,2026-09-04,14258
1286356239,2026-09-04,14578
1290047689,2026-09-04,4568
1292000683,2026-09-04,4648
1294720127,2026-09-04,12254
1299739260,2026-09-04,5795
1302897684,2026-09-04,93928
1302967002,2026-09-04,8550
1302974986,2026-09-04,9248
1303807781,2026-09-04,11298
1310381862,2026-09-04,10101
1310670900,2026-09-04,6499
1311725711,2026-09-04,186173
1313065097,2026-09-04,3746
1314648742,2026-09-04,5068
1314805272,2026-09-04,7636
1315017527,2026-09-04,20316
1315030839,2026-09-04,14882
1316044027,2026-09-04,8983
1317022177,2026-09-04,10347
1319264195,2026-09-04,10222
1320158755,2026-09-04,16709
1320989536,2026-09-04,26920
1321344591,2026-09-04,53251
1322023193,2026-09-04,6961
1323169277,2026-09-04,3930
1323750659,2026-09-04,9068
1324539009,2026-09-04,3380
1324813584,2026-09-04,32637
1327874725,2026-09-04,12721
1328104435,2026-09-04,11128
1333526620,2026-09-04,64774
1336349704,2026-09-04,13126
1340817672,2026-09-04,27470
1343811959,2026-09-04,40242
1345239366,2026-09-04,5509
1346877266,2026-09-04,39675
1348876762,2026-09-04,14402
1350339022,2026-09-04,7474
1351268991,2026-09-04,18040
1351653132,2026-09-04,6972
1351953375,2026-09-04,13698
1353547443,2026-09-04,42052
1355094979,2026-09-04,15743
1359700418,2026-09-04,24207
1360500017,2026-09-04,20352
1364760456,2026-09-04,6744
1365485813,2026-09-04,5485
1366244440,2026-09-04,5992
1373224279,2026-09-04,13354
1374229669,2026-09-04,20570
1381214767,2026-09-04,12222
1385175538,2026-09-04,9824
1386911531,2026-09-04,24453
1390963071,2026-09-04,6386
1394094004,2026-09-04,11355
1395096076,2026-09-04,15281
1397793683,2026-09-04,8897
1399069277,2026-09-04,10262
1400726514,2026-09-04,4369
1407118357,2026-09-04,8051
1410753850,2026-09-04,4401
1412308130,2026-09-04,11320
1412637064,2026-09-04,9124
1414213153,2026-09-04,20942
1417984165,2026-09-04,11785
1419304439,2026-09-04,177450
1420427657,2026-09-04,14577
1422271755,2026-09-04,4663
1436141067,2026-09-04,7081
1439513019,2026-09-04,6874
1440941890,2026-09-04,23118
1445668908,2026-09-04,8401
1445669234,2026-09-04,4880
1455861246,2026-09-04,42769
1457731350,2026-09-04,15116
1467714013,2026-09-04,11523
1468105710,2026-09-04,45317
1468136930,2026-09-04,30821
1481972266,2026-09-04,63857
1489142966,2026-09-04,10245
1492025820,2026-09-04,19941
1504307690,2026-09-04,92570
1506078758,2026-09-04,81839
1506079443,2026-09-04,42507
1506079770,2026-09-04,20904
1506080933,2026-09-04,21455
1506081116,2026-09-04,22147
1506081421,2026-09-04,93620
1506083796,2026-09-04,42127
1506085043,2026-09-04,14973
1509094777,2026-09-04,5067
1511046299,2026-09-04,7398
1516881814,2026-09-04,7545
1519236931,2026-09-04,5763
1523039190,2026-09-04,7876
1524724960,2026-09-04,7619
1534545104,2026-09-04,4807
1535507574,2026-09-04,10134
1544526280,2026-09-04,8534
1566822652,2026-09-04,11383
1566961776,2026-09-04,14404
1575843310,2026-09-04,7366
1584361127,2026-09-04,7302
1585106954,2026-09-04,16194
1586639570,2026-09-04,14769
1587178040,2026-09-04,93360
1587386821,2026-09-04,4899
1588853224,2026-09-04,28299
1590362799,2026-09-04,31380
1591647610,2026-09-04,34976
1592149666,2026-09-04,10106
1593221761,2026-09-04,5706
1595876588,2026-09-04,354548
1597881336,2026-09-04,14648
1607524900,2026-09-04,10402
1609801017,2026-09-04,13551
1610020781,2026-09-04,3850
1610578060,2026-09-04,190504
1612679489,2026-09-04,7521
1613766846,2026-09-04,8672
1613880809,2026-09-04,6902
1614701435,2026-09-04,14738
1616934635,2026-09-04,11676
1617534169,2026-09-04,38218
1618459811,2026-09-04,6178
1620838511,2026-09-04,13937
1623423360,2026-09-04,1245457
1623423504,2026-09-04,144861
1627919748,2026-09-04,15159
1628912584,2026-09-04,180813
1629519297,2026-09-04,29434
1630649870,2026-09-04,118779
1630977779,2026-09-04,6809
1631985204,2026-09-04,18647
1633386532,2026-09-04,6147
1635116455,2026-09-04,13346
1635222296,2026-09-04,3657
1635709389,2026-09-04,87912
1636492142,2026-09-04,6652
1637053139,2026-09-04,7382
1641168812,2026-09-04,12053
1641807098,2026-09-04,53588
1647628520,2026-09-04,20825
1649338884,2026-09-04,15850
1649442597,2026-09-04,49793
1651768817,2026-09-04,16251
1653043481,2026-09-04,9400
1659533826,2026-09-04,7613
1660102639,2026-09-04,9213
1660235095,2026-09-04,7416
1661428827,2026-09-04,17667
1665106451,2026-09-04,18440
1683228401,2026-09-04,6016
1688887083,2026-09-04,198621
1690425831,2026-09-04,5300
1693982756,2026-09-04,41043
1701529356,2026-09-04,6684
1707957948,2026-09-04,8377
1708335879,2026-09-04,12671
1712760331,2026-09-04,52677
1715190550,2026-09-04,80168
1715523918,2026-09-04,9698
1717372176,2026-09-04,7060
1717781690,2026-09-04,7332
1720760712,2026-09-04,12427
1726290528,2026-09-04,24016
1728214912,2026-09-04,8352
1729817458,2026-09-04,5424
1732437279,2026-09-04,175935
1732447147,2026-09-04,190740
1740165239,2026-09-04,215327
1742527573,2026-09-04,4995
1743133825,2026-09-04,4898
1747099270,2026-09-04,211225
1747995732,2026-09-04,81543
1748517193,2026-09-04,8296
1754875978,2026-09-04,11419
1761353630,2026-09-04,10245
1762062219,2026-09-04,7036
1762619605,2026-09-04,4877
1764704051,2026-09-04,6532
1771058495,2026-09-04,5571
1773441054,2026-09-04,5528
1777266185,2026-09-04,17084
1780481482,2026-09-04,144185
1780597499,2026-09-04,30851
1786095925,2026-09-04,12508
1790861374,2026-09-04,13773
1793768254,2026-09-04,93521
1796402967,2026-09-04,12129
1796418794,2026-09-04,14557
1800624677,2026-09-04,5659
1812858232,2026-09-04,6310
1813104049,2026-09-04,7888
1813390120,2026-09-04,27759
1818025496,2026-09-04,68680
1819594115,2026-09-04,7173
1824937448,2026-09-04,7227
1828891972,2026-09-04,13872
1834433554,2026-09-04,34938
1834615504,2026-09-04,6288
1836457943,2026-09-04,46194
1843305631,2026-09-04,7954
1844363786,2026-09-04,5468
1848976806,2026-09-04,14256
1863514508,2026-09-04,34821
1866576239,2026-09-04,123035
1867143071,2026-09-04,7086
1868834704,2026-09-04,5232
1870741383,2026-09-04,6256
1871684873,2026-09-04,18844
1873097578,2026-09-04,71101
1878473679,2026-09-04,244538
1878601358,2026-09-04,21753
1880071041,2026-09-04,43050
1881017456,2026-09-04,10701
1885775216,2026-09-04,46917
1885791325,2026-09-04,8527
1886496498,2026-09-04,45221
1887282318,2026-09-04,133503
1890399946,2026-09-04,181629
1890873104,2026-09-04,21824
1890983593,2026-09-04,4626
1892802718,2026-09-04,7015
1893193650,2026-09-04,8499
1899061789,2026-09-04,48505
1900830460,2026-09-04,36857
1902551988,2026-09-04,9095
1915620447,2026-09-04,82541
1915625799,2026-09-04,22819
1917973338,2026-09-04,5507
1918281610,2026-09-04,86034
1918294643,2026-09-04,8382
1922397818,2026-09-04,14785
1923444292,2026-09-04,19535
1928831043,2026-09-04,88330
1934610438,2026-09-04,26297
1939754080,2026-09-04,8078
1943060017,2026-09-04,12401
1944445511,2026-09-04,23276
1961367151,2026-09-04,8293
1961723204,2026-09-04,38569
1962426321,2026-09-04,23778
1970249743,2026-09-04,187482
1978311827,2026-09-04,9272
1988230377,2026-09-04,18652
1990079757,2026-09-04,4900
1990646390,2026-09-04,7386
1991568775,2026-09-04,16529
1992015610,2026-09-04,4814
1993018111,2026-09-04,67421
1993869579,2026-09-04,98623
1995601384,2026-09-04,62946
1998204784,2026-09-04,78174
1999328266,2026-09-04,81102
1999512770,2026-09-04,15898
2001695790,2026-09-04,19311
2008054135,2026-09-04,15939
2017870391,2026-09-04,13045
2017891552,2026-09-04,27731
2019845637,2026-09-04,14596
2019852305,2026-09-04,14534
2019865539,2026-09-04,9584
2020164764,2026-09-04,14604
2024528246,2026-09-04,33785
2025131190,2026-09-04,44614
2026330346,2026-09-04,9352
2026367756,2026-09-04,42916
2027001560,2026-09-04,9467
2027015321,2026-09-04,213061
2027051983,2026-09-04,43655
2027087815,2026-09-04,7803
2028670202,2026-09-04,9926
2028826064,2026-09-04,17031
2029267357,2026-09-04,4746
2030472413,2026-09-04,57611
2031609146,2026-09-04,9990
2032118923,2026-09-04,20622
2032299408,2026-09-04,6119
2036051710,2026-09-04,5381
2037107797,2026-09-04,13926
2038973356,2026-09-04,23424
2040763291,2026-09-04,7689
2042882182,2026-09-04,8077
2044053450,2026-09-04,6604
2044599287,2026-09-04,28387
2047260446,2026-09-04,52315
2054717582,2026-09-04,17518
2058219282,2026-09-04,11975
2059474384,2026-09-04,20357
2060393654,2026-09-04,19419
2062843706,2026-09-04,18886
2062846721,2026-09-04,20735
2062849120,2026-09-04,24309
2065121501,2026-09-04,5813
2066101156,2026-09-04,7393
2066393985,2026-09-04,28698
2066815588,2026-09-04,11255
2068768158,2026-09-04,30714
2070082709,2026-09-04,40663
2077186491,2026-09-04,197109
2079926133,2026-09-04,37327
2094489751,2026-09-04,7858
2096162410,2026-09-04,38670
2097152337,2026-09-04,12084
2097903490,2026-09-04,5494
2104240928,2026-09-04,4522
2104495359,2026-09-04,19488
2104538771,2026-09-04,36506
2106506823,2026-09-04,7097
2113865264,2026-09-04,19716
2114559224,2026-09-04,8003
2116422940,2026-09-04,92201
2119847182,2026-09-04,7248
2123646681,2026-09-04,20799
2130835957,2026-09-04,25300
2131014154,2026-09-04,268477
2136166095,2026-09-04,15860
2145844864,2026-09-04,11578
2147847286,2026-09-04,20344
2148259818,2026-09-04,39719
2149196786,2026-09-04,7731
2158207688,2026-09-04,7068
2160610678,2026-09-04,20156
2174082869,2026-09-04,33581
2177145527,2026-09-04,15610
2178603631,2026-09-04,47471
2183551683,2026-09-04,33309
2184737698,2026-09-04,37325
2187470106,2026-09-04,5130
2195523300,2026-09-04,69689
2202461067,2026-09-04,27493
2218335517,2026-09-04,21358
2218870708,2026-09-04,8656
2219070393,2026-09-04,10494
2219753980,2026-09-04,5728
2234187039,2026-09-04,47812
2239515632,2026-09-04,8629
2244483797,2026-09-04,52331
2247427791,2026-09-04,9150
2250100617,2026-09-04,28610
2252156569,2026-09-04,7500
2252191029,2026-09-04,12828
2257071139,2026-09-04,20990
2257643981,2026-09-04,12425
2261313592,2026-09-04,30756
2268189539,2026-09-04,24905
2268843111,2026-09-04,24207
2273568769,2026-09-04,9767
2273835333,2026-09-04,7106
2274356555,2026-09-04,9179
2280945168,2026-09-04,28200
2284514368,2026-09-04,153486
2288335512,2026-09-04,64401
2290797357,2026-09-04,6487
2293169684,2026-09-04,22230
2293827000,2026-09-04,28136
2305790641,2026-09-04,27038
2306455054,2026-09-04,67070
2310338497,2026-09-04,6570
2310933502,2026-09-04,13969
2332047637,2026-09-04,14564
2354506714,2026-09-04,22136
2360265002,2026-09-04,10244
2377505917,2026-09-04,18337
2389164674,2026-09-04,24570
2389589691,2026-09-04,110209
2400964705,2026-09-04,16935
2407436476,2026-09-04,129560
2409044128,2026-09-04,105650
2409209888,2026-09-04,223719
2409276081,2026-09-04,224098
2409550266,2026-09-04,10941
2409578462,2026-09-04,4527
2411756240,2026-09-04,6837
2411774658,2026-09-04,23660
2411818376,2026-09-04,259354
2417206619,2026-09-04,15365
2423471739,2026-09-04,50426
2434790082,2026-09-04,21327
2436408502,2026-09-04,16620
2436969913,2026-09-04,28763
2438313459,2026-09-04,185829
2441507863,2026-09-04,34802
2444803936,2026-09-04,12900
2448240735,2026-09-04,15713
2458024521,2026-09-04,43089
2458217640,2026-09-04,32090
2458588018,2026-09-04,14358
2458655721,2026-09-04,34972
2458656056,2026-09-04,69846
2458746718,2026-09-04,8523
2458928927,2026-09-04,38871
2459872857,2026-09-04,25762
2461014769,2026-09-04,84475
2461266066,2026-09-04,10585
2461999384,2026-09-04,35426
2465534550,2026-09-04,11530
2465534699,2026-09-04,11768
2466510521,2026-09-04,16991
2466511041,2026-09-04,36691
2466607238,2026-09-04,308382
2472118845,2026-09-04,6589
2475302050,2026-09-04,267497
2475617894,2026-09-04,107934
2476102240,2026-09-04,24609
2479028391,2026-09-04,9713
2481973185,2026-09-04,14928
2490492573,2026-09-04,19542
2491069461,2026-09-04,8230
2491283817,2026-09-04,11449
2491573516,2026-09-04,6562
2494712590,2026-09-04,29668
2497748574,2026-09-04,15134
2498990660,2026-09-04,10167
2502673650,2026-09-04,48447
2508704523,2026-09-04,15945
2512317259,2026-09-04,34595
2512980560,2026-09-04,30116
2514556383,2026-09-04,40135
2517135561,2026-09-04,13713
2517213262,2026-09-04,41832
2520977707,2026-09-04,32238
2523234322,2026-09-04,15414
2525278602,2026-09-04,18752
2529002857,2026-09-04,99390
2529105358,2026-09-04,37683
2537406790,2026-09-04,19160
2544958612,2026-09-04,14161
2548912050,2026-09-04,14649
2555609401,2026-09-04,120497
2558262194,2026-09-04,10375
2558590111,2026-09-04,12286
2559956761,2026-09-04,15101
2559962615,2026-09-04,23803
2571844795,2026-09-04,19890
2572843550,2026-09-04,57939
2574175110,2026-09-04,33358
2576362573,2026-09-04,31659
2579303396,2026-09-04,63974
2582937730,2026-09-04,77944
2583755721,2026-09-04,64742
2584338908,2026-09-04,39237
2598875789,2026-09-04,43216
2602025201,2026-09-04,21828
2603031001,2026-09-04,111016
2603074910,2026-09-04,9398
2603957954,2026-09-04,10912
2604778880,2026-09-04,36696
2607042792,2026-09-04,19064
2608299248,2026-09-04,18323
2608299476,2026-09-04,33263
2608435724,2026-09-04,14494
2609450219,2026-09-04,9216
2614472081,2026-09-04,25069
2616955720,2026-09-04,12862
2618143990,2026-09-04,20152
2619478648,2026-09-04,15676
2620089636,2026-09-04,24434
2621840890,2026-09-04,21972
2622652746,2026-09-04,65314
2626285356,2026-09-04,35604
2626820802,2026-09-04,10697
2627609414,2026-09-04,20276
2628611107,2026-09-04,12885
2629543194,2026-09-04,20513
2631211703,2026-09-04,43001
2633444661,2026-09-04,49394
2635012115,2026-09-04,20994
2637630330,2026-09-04,12445
2641256974,2026-09-04,78603
2644238920,2026-09-04,13288
2645707091,2026-09-04,59375
2646410054,2026-09-04,27117
2648658105,2026-09-04,73233
2651345333,2026-09-04,12054
2652578379,2026-09-04,25746
2653699311,2026-09-04,16789
2653789292,2026-09-04,21542
2660548454,2026-09-04,140807
2662722782,2026-09-04,9624
2662937312,2026-09-04,21144
2663957444,2026-09-04,11897
2667143039,2026-09-04,55798
2667595705,2026-09-04,14360
2672884318,2026-09-04,16180
2679512490,2026-09-04,12139
2683475897,2026-09-04,13542
2687653241,2026-09-04,14965
2689020223,2026-09-04,17920
2691024387,2026-09-04,57029
2702005349,2026-09-04,15376
2710894758,2026-09-04,16827
2717193796,2026-09-04,45521
2719075597,2026-09-04,56385
2728498280,2026-09-04,14154
2732567565,2026-09-04,11823
2735054420,2026-09-04,37710
2737603165,2026-09-04,39672
2738038455,2026-09-04,46668
2743333016,2026-09-04,16899
2745386732,2026-09-04,11635
2748029219,2026-09-04,138043
2752952962,2026-09-04,7091
2754319969,2026-09-04,26910
2765125322,2026-09-04,14289
2766998502,2026-09-04,29689
2769148429,2026-09-04,12001
2770440127,2026-09-04,35651
2774388842,2026-09-04,19282
2774987343,2026-09-04,17254
2775968897,2026-09-04,79100
2776070504,2026-09-04,36406
2783854571,2026-09-04,17015
2783854641,2026-09-04,28390
2784050534,2026-09-04,6452
2784337730,2026-09-04,10654
2785777242,2026-09-04,12159
2785989313,2026-09-04,22378
2786268200,2026-09-04,19294
2786371128,2026-09-04,26663
2787727603,2026-09-04,14972
2788827517,2026-09-04,13857
2788839315,2026-09-04,7299
2790961377,2026-09-04,9437
2791119024,2026-09-04,50675
2797095333,2026-09-04,52499
2804194007,2026-09-04,13998
2806737895,2026-09-04,11307
2806903835,2026-09-04,31317
2807759164,2026-09-04,51566
2807778592,2026-09-04,45270
2808486613,2026-09-04,23675
2809216375,2026-09-04,30802
2809332037,2026-09-04,40122
2809452753,2026-09-04,15321
2810064268,2026-09-04,26046
2811907627,2026-09-04,36466
2812860898,2026-09-04,168905
2812925242,2026-09-04,56260
2813707242,2026-09-04,11350
2814586266,2026-09-04,74803
2815767345,2026-09-04,23610
2816163133,2026-09-04,12718
2816360131,2026-09-04,20489
2819720352,2026-09-04,60167
2820330517,2026-09-04,24816
2821014992,2026-09-04,15999
2821711162,2026-09-04,15275
2822984099,2026-09-04,22876
2822984175,2026-09-04,22815
2825985873,2026-09-04,38565
2825986399,2026-09-04,27878
2829069506,2026-09-04,46540
2829069669,2026-09-04,33373
2830366252,2026-09-04,48005
2830996776,2026-09-04,34293
2830996883,2026-09-04,20181
2831177989,2026-09-04,25301
2831178263,2026-09-04,22584
2833499231,2026-09-04,10921
2837700978,2026-09-04,32094
2838470527,2026-09-04,8828
2841481791,2026-09-04,28849
2846380330,2026-09-04,11793
2847901464,2026-09-04,14697
2851692297,2026-09-04,11205
2854596966,2026-09-04,11328
2856821840,2026-09-04,20059
2863854446,2026-09-04,10367
2865408972,2026-09-04,28398
2866658484,2026-09-04,12957
2868168109,2026-09-04,11546
2868514243,2026-09-04,10979
2868680633,2026-09-04,11596
2871620925,2026-09-04,21469
2871980758,2026-09-04,23404
2871981062,2026-09-04,20563
2873057249,2026-09-04,19217
2874137992,2026-09-04,37280
2875756339,2026-09-04,15738
2875756695,2026-09-04,14559
2878075116,2026-09-04,26693
2885244355,2026-09-04,35570
2888119865,2026-09-04,47376
2897254807,2026-09-04,32620
2897373654,2026-09-04,25100
2898179957,2026-09-04,14026
2898180179,2026-09-04,13766
2902512011,2026-09-04,30166
2907769573,2026-09-04,13914
2909582424,2026-09-04,23709
2909902624,2026-09-04,19518
2914220019,2026-09-04,21757
2916082557,2026-09-04,12471
2916982793,2026-09-04,14900
2919428234,2026-09-04,21239
2919921364,2026-09-04,12418
2930369811,2026-09-04,15752
2930813098,2026-09-04,11100
2932557948,2026-09-04,11111
2932808239,2026-09-04,12663
2934387908,2026-09-04,15845
2935276961,2026-09-04,13090
2938897848,2026-09-04,12389
2941031061,2026-09-04,25159
2942679675,2026-09-04,24970
2945629971,2026-09-04,15515
2945942583,2026-09-04,12486
2946000546,2026-09-04,36445
2948301103,2026-09-04,91423
2950661639,2026-09-04,20360
2951466817,2026-09-04,22482
2951652477,2026-09-04,27389
2954963007,2026-09-04,21318
2955341502,2026-09-04,21267
2956750257,2026-09-04,24728
2956750503,2026-09-04,35854
2958421797,2026-09-04,23251
2958422000,2026-09-04,14854
2960317218,2026-09-04,22673
2960574667,2026-09-04,24098
2972849902,2026-09-04,11695
2976454692,2026-09-04,61600
2976527288,2026-09-04,115334
2976573664,2026-09-04,28159
2979089967,2026-09-04,14770
2980154280,2026-09-04,12929
2982710154,2026-09-04,22086
2990642419,2026-09-04,46161
2994821528,2026-09-04,45674
2997295407,2026-09-04,30706
2997774670,2026-09-04,15369
3002188516,2026-09-04,127355
3003219188,2026-09-04,22079
3005307317,2026-09-04,16359
3010528164,2026-09-04,18634
3011811483,2026-09-04,15018
3022132203,2026-09-04,16074
3032768344,2026-09-04,43479
3039370479,2026-09-04,25120
3051471269,2026-09-04,18186
3062038863,2026-09-04,51387
3065245398,2026-09-04,22283
3067902147,2026-09-04,64561
3079374348,2026-09-04,50298
3081699910,2026-09-04,14682
3082164342,2026-09-04,61178
3086143878,2026-09-04,156476
3086154149,2026-09-04,89824
3090328185,2026-09-04,79923
3094458137,2026-09-04,17601
3099975582,2026-09-04,44014
3108330591,2026-09-04,22541
3109481596,2026-09-04,15464
3110808560,2026-09-04,18300
3142294658,2026-09-04,67173
3153706012,2026-09-04,110764
3163759042,2026-09-04,20278
3164776901,2026-09-04,21112
3165622182,2026-09-04,14297
3170396896,2026-09-04,20913
3172780032,2026-09-04,18735
3173205208,2026-09-04,20150
3173239930,2026-09-04,66409
3173319652,2026-09-04,27038
3181487775,2026-09-04,46384
3182759042,2026-09-04,19838
3193699928,2026-09-04,32740
3195070547,2026-09-04,39029
3241119393,2026-09-04,91036
3241734509,2026-09-04,16662
3243319558,2026-09-04,39608
3243432906,2026-09-04,26888
3243731913,2026-09-04,30028
3245080043,2026-09-04,33278
3245570160,2026-09-04,22106
3248725702,2026-09-04,24065
3250900527,2026-09-04,36054
3275068730,2026-09-04,18255
3278963965,2026-09-04,20247
3301557224,2026-09-04,26418
3330088804,2026-09-04,43375
3339549399,2026-09-04,32605
3343044098,2026-09-04,16252
3344489699,2026-09-04,23258
3359568450,2026-09-04,56767
3361978004,2026-09-04,27423
3361979100,2026-09-04,25412
3365265900,2026-09-04,15082
3370060302,2026-09-04,23580
3372023877,2026-09-04,18099
3378829098,2026-09-04,18697
3385530791,2026-09-04,30010
3387068412,2026-09-04,28751
3388569976,2026-09-04,15116
3393552523,2026-09-04,35585
3405506592,2026-09-04,33963
3430241523,2026-09-04,17866
3451188081,2026-09-04,27378
3472727778,2026-09-04,18265
3478208799,2026-09-04,18166
3481775336,2026-09-04,42127
3482538734,2026-09-04,45030
3482693757,2026-09-04,35801
3483853399,2026-09-04,18768
3486033112,2026-09-04,14724
3486985238,2026-09-04,18977
3491116708,2026-09-04,39542
3496262792,2026-09-04,25805
3532904115,2026-09-04,29268
3538765396,2026-09-04,37171
3556222090,2026-09-04,28277
3575236236,2026-09-04,50411
3576125834,2026-09-04,31445
3607472385,2026-09-04,23059
3701747681,2026-09-04,22135
3723865830,2026-09-04,28031
681481647,2026-09-04,12589
681483874,2026-09-04,25160
681489287,2026-09-04,16609
681553348,2026-09-04,21245
681576508,2026-09-04,118959
681684405,2026-09-04,8779
681699672,2026-09-04,8000
681787759,2026-09-04,19032
681802702,2026-09-04,19994
681803404,2026-09-04,63691
681816257,2026-09-04,25369
681987087,2026-09-04,9004
682090850,2026-09-04,130402
682165224,2026-09-04,102263
682190594,2026-09-04,13440
682272091,2026-09-04,6262
682286863,2026-09-04,5729
682336292,2026-09-04,12748
682691478,2026-09-04,80160
682776251,2026-09-04,41638
682851228,2026-09-04,45351
682914421,2026-09-04,5909
683096962,2026-09-04,8292
683121431,2026-09-04,14687
683175110,2026-09-04,17845
683230077,2026-09-04,412490
683277624,2026-09-04,5056
683328031,2026-09-04,12413
683409704,2026-09-04,74168
683412153,2026-09-04,5687
683594024,2026-09-04,20448
684384680,2026-09-04,11171
684454645,2026-09-04,18451
684509615,2026-09-04,288395
685413774,2026-09-04,47799
686276531,2026-09-04,44382
686666244,2026-09-04,24576
686764629,2026-09-04,12461
686768193,2026-09-04,29264
687037851,2026-09-04,96738
687226658,2026-09-04,65609
687822601,2026-09-04,6943
687882799,2026-09-04,9479
688086068,2026-09-04,134861
688576380,2026-09-04,11779
689601294,2026-09-04,12509
689858852,2026-09-04,6728
690350384,2026-09-04,29225
690969389,2026-09-04,9159
691008512,2026-09-04,29156
692028161,2026-09-04,119556
692253918,2026-09-04,16012
692492543,2026-09-04,71794
693402022,2026-09-04,27289
693447055,2026-09-04,53020
695288963,2026-09-04,12848
696649459,2026-09-04,10124
696905076,2026-09-04,10757
697938908,2026-09-04,287668
701432146,2026-09-04,60743
701739734,2026-09-04,50996
702164152,2026-09-04,5757
703156866,2026-09-04,64821
707297106,2026-09-04,13855
707415339,2026-09-04,5297
708669421,2026-09-04,12986
708752579,2026-09-04,5734
710345134,2026-09-04,13806
711413459,2026-09-04,9354
711825958,2026-09-04,15791
717060367,2026-09-04,16968
717220943,2026-09-04,9514
717498014,2026-09-04,6020
718529178,2026-09-04,10547
718918906,2026-09-04,7237
719712462,2026-09-04,8131
719802418,2026-09-04,6410
720237457,2026-09-04,84366
721416416,2026-09-04,14292
723219794,2026-09-04,16312
725596168,2026-09-04,16584
727000451,2026-09-04,387595
728648312,2026-09-04,5234
731621473,2026-09-04,12653
733386004,2026-09-04,4404
734129025,2026-09-04,59510
734362182,2026-09-04,37204
734843885,2026-09-04,7104
739477966,2026-09-04,15999
741194923,2026-09-04,63896
741930256,2026-09-04,81110
750263062,2026-09-04,32926
751394361,2026-09-04,97598
760594284,2026-09-04,11468
765938943,2026-09-04,66756
768131386,2026-09-04,34563
771132431,2026-09-04,5603
774130053,2026-09-04,14886
775122094,2026-09-04,19715
775944333,2026-09-04,61860
776095610,2026-09-04,12061
779729987,2026-09-04,5268
780559390,2026-09-04,4293
784249404,2026-09-04,16134
784471286,2026-09-04,11269
785299768,2026-09-04,31211
786691625,2026-09-04,5256
787237639,2026-09-04,4419
789959744,2026-09-04,5993
790903721,2026-09-04,48474
791049007,2026-09-04,29465
792538274,2026-09-04,5826
792636965,2026-09-04,41764
794155473,2026-09-04,8171
794390514,2026-09-04,5139
796045259,2026-09-04,4433
796529957,2026-09-04,47281
796547578,2026-09-04,10973
798492527,2026-09-04,8646
798679745,2026-09-04,8362
799999383,2026-09-04,12599
803452214,2026-09-04,4940
803491311,2026-09-04,8980
803553012,2026-09-04,5080
803681792,2026-09-04,18226
804293993,2026-09-04,27592
804732593,2026-09-04,9761
804946681,2026-09-04,5617
810204739,2026-09-04,46254
810929902,2026-09-04,8371
811274428,2026-09-04,4636
814211685,2026-09-04,5432
814332008,2026-09-04,36872
814854383,2026-09-04,12073
815380349,2026-09-04,11628
819007550,2026-09-04,45776
819100775,2026-09-04,12913
819148835,2026-09-04,508578
822305739,2026-09-04,18625
825050563,2026-09-04,24933
828731704,2026-09-04,90394
830391521,2026-09-04,23736
840482374,2026-09-04,34423
844630489,2026-09-04,40445
850142603,2026-09-04,14137
850721710,2026-09-04,22406
850823920,2026-09-04,7844
852005580,2026-09-04,12422
855097786,2026-09-04,29682
861800679,2026-09-04,10598
864541681,2026-09-04,28611
865040033,2026-09-04,272674
868965217,2026-09-04,6014
872596925,2026-09-04,14611
873063455,2026-09-04,12471
876504304,2026-09-04,17221
878598475,2026-09-04,24854
881118424,2026-09-04,9798
885800185,2026-09-04,6470
886734961,2026-09-04,9362
899611868,2026-09-04,5543
899653076,2026-09-04,20183
899795759,2026-09-04,12118
899929086,2026-09-04,18979
900079667,2026-09-04,8392
900785559,2026-09-04,6119
901022971,2026-09-04,10789
901039859,2026-09-04,13733
901614896,2026-09-04,21287
901988941,2026-09-04,6478
902204150,2026-09-04,9303
902204956,2026-09-04,147263
902487845,2026-09-04,8614
902526212,2026-09-04,18789
902696548,2026-09-04,6235
902701397,2026-09-04,7491
903007094,2026-09-04,20123
904956708,2026-09-04,44997
905176884,2026-09-04,7817
905434289,2026-09-04,5306
906953618,2026-09-04,16419
908639878,2026-09-04,27102
909268717,2026-09-04,14998
909670231,2026-09-04,19883
910355834,2026-09-04,9061
910576007,2026-09-04,10944
910751973,2026-09-04,26983
914872677,2026-09-04,10196
915432220,2026-09-04,56964
917206871,2026-09-04,7796
917618322,2026-09-04,5239
922791015,2026-09-04,7639
922893821,2026-09-04,16571
924990631,2026-09-04,100847
925473841,2026-09-04,15217
929140455,2026-09-04,5697
932208450,2026-09-04,5998
932345488,2026-09-04,7762
932869910,2026-09-04,6359
937289339,2026-09-04,438476
939602477,2026-09-04,9840
943263656,2026-09-04,9647
945999514,2026-09-04,8989
946222466,2026-09-04,142063
948359179,2026-09-04,7330
948431670,2026-09-04,10047
948883955,2026-09-04,27826
952438221,2026-09-04,7389
953888861,2026-09-04,16558
954173598,2026-09-04,4107
972423198,2026-09-04,6264
1067631798,2026-09-05,116009
1074841707,2026-09-05,61329
1085097357,2026-09-05,23030
1085848794,2026-09-05,12267
1085907846,2026-09-05,20119
1087781345,2026-09-05,61902
1093279583,2026-09-05,27437
1093286611,2026-09-05,28077
1098915405,2026-09-05,7350
1100284147,2026-09-05,204425
1107423111,2026-09-05,31472
1112740619,2026-09-05,23177
1121692237,2026-09-05,568747
1123086074,2026-09-05,31863
1126014321,2026-09-05,11636
1128927140,2026-09-05,18505
1129879777,2026-09-05,24047
1140780022,2026-09-05,14601
1142142725,2026-09-05,13294
1142647596,2026-09-05,7212
1144654097,2026-09-05,25524
1148241123,2026-09-05,6400
1148614148,2026-09-05,5203
1159908355,2026-09-05,11238
1160316076,2026-09-05,9817
1168376022,2026-09-05,9359
1170859543,2026-09-05,8388
1172077353,2026-09-05,9222
1173746413,2026-09-05,6733
1173995428,2026-09-05,23708
1180299890,2026-09-05,20956
1181575896,2026-09-05,16328
1199002146,2026-09-05,310543
1210945403,2026-09-05,15597
1212536129,2026-09-05,7791
1215611424,2026-09-05,15090
1219847230,2026-09-05,32324
1223822935,2026-09-05,30233
1227620643,2026-09-05,178820
1230096820,2026-09-05,73916
1234426616,2026-09-05,19736
1239558744,2026-09-05,10584
1242221332,2026-09-05,7438
1249001485,2026-09-05,11962
1255082381,2026-09-05,4529
1255617173,2026-09-05,15494
1261141644,2026-09-05,45627
1261144072,2026-09-05,4523
1279836097,2026-09-05,14278
1286356239,2026-09-05,14504
1290047689,2026-09-05,4568
1292000683,2026-09-05,4648
1294720127,2026-09-05,12268
1299739260,2026-09-05,5811
1302897684,2026-09-05,94014
1302967002,2026-09-05,8563
1302974986,2026-09-05,9263
1303807781,2026-09-05,11330
1310174680,2026-09-05,6406
1310381862,2026-09-05,10116
1310670900,2026-09-05,6503
1311725711,2026-09-05,185729
1313065097,2026-09-05,3746
1314648742,2026-09-05,5068
1314805272,2026-09-05,7638
1315017527,2026-09-05,20348
1315030839,2026-09-05,14918
1315558378,2026-09-05,7585
1316044027,2026-09-05,8991
1317022177,2026-09-05,10365
1319264195,2026-09-05,10272
1320158755,2026-09-05,16709
1320989536,2026-09-05,26948
1321344591,2026-09-05,53180
1322023193,2026-09-05,6963
1323169277,2026-09-05,3930
1323750659,2026-09-05,9078
1324539009,2026-09-05,3380
1324813584,2026-09-05,32700
1327874725,2026-09-05,12749
1328104435,2026-09-05,11134
1329351538,2026-09-05,3621
1333526620,2026-09-05,64708
1336349704,2026-09-05,13143
1340817672,2026-09-05,27487
1343811959,2026-09-05,40236
1345239366,2026-09-05,5509
1346877266,2026-09-05,39763
1348876762,2026-09-05,14409
1350339022,2026-09-05,7474
1351268991,2026-09-05,18063
1351653132,2026-09-05,6972
1351953375,2026-09-05,13717
1353547443,2026-09-05,42029
1355094979,2026-09-05,15808
1359700418,2026-09-05,24231
1360500017,2026-09-05,20388
1364760456,2026-09-05,6744
1365485813,2026-09-05,5488
1366244440,2026-09-05,5996
1373224279,2026-09-05,13397
1374229669,2026-09-05,20637
1381214767,2026-09-05,12229
1383580181,2026-09-05,6173
1383923905,2026-09-05,3415
1385175538,2026-09-05,9823
1386911531,2026-09-05,24462
1390963071,2026-09-05,6388
1394094004,2026-09-05,11384
1395096076,2026-09-05,15304
1395190521,2026-09-05,4033
1397793683,2026-09-05,8895
1399069277,2026-09-05,10273
1400726514,2026-09-05,4369
1407118357,2026-09-05,8052
1410753850,2026-09-05,4401
1412308130,2026-09-05,11320
1412637064,2026-09-05,9144
1414213153,2026-09-05,21002
1417984165,2026-09-05,11814
1419304439,2026-09-05,176962
1420427657,2026-09-05,14595
1422271755,2026-09-05,4663
1436141067,2026-09-05,7063
1439513019,2026-09-05,6878
1440941890,2026-09-05,23194
1445668908,2026-09-05,8418
1445669234,2026-09-05,4880
1455861246,2026-09-05,42937
1457731350,2026-09-05,15116
1467714013,2026-09-05,11561
1468105710,2026-09-05,45297
1468136930,2026-09-05,30827
1481972266,2026-09-05,63899
1489142966,2026-09-05,10255
1492025820,2026-09-05,19991
1504307690,2026-09-05,92403
1506078758,2026-09-05,81973
1506079443,2026-09-05,42549
1506079770,2026-09-05,20950
1506080933,2026-09-05,21525
1506081116,2026-09-05,22190
1506081421,2026-09-05,93850
1506083796,2026-09-05,42208
1506085043,2026-09-05,15003
1509094777,2026-09-05,5067
1511046299,2026-09-05,7408
1516881814,2026-09-05,7548
1519236931,2026-09-05,5763
1523039190,2026-09-05,7878
1524724960,2026-09-05,7624
1534545104,2026-09-05,4807
1535507574,2026-09-05,10134
1544526280,2026-09-05,8554
1566822652,2026-09-05,11361
1566961776,2026-09-05,14436
1575843310,2026-09-05,7372
1584361127,2026-09-05,7311
1585106954,2026-09-05,16220
1586639570,2026-09-05,14797
1587178040,2026-09-05,93717
1587386821,2026-09-05,4899
1587874171,2026-09-05,5483
1588842850,2026-09-05,4037
1588853224,2026-09-05,28350
1590362799,2026-09-05,31433
1591647610,2026-09-05,35005
1592149666,2026-09-05,10123
1593221761,2026-09-05,5706
1595876588,2026-09-05,353882
1597881336,2026-09-05,14658
1607524900,2026-09-05,10430
1609801017,2026-09-05,13588
1610020781,2026-09-05,3850
1610578060,2026-09-05,190904
1612679489,2026-09-05,7539
1613766846,2026-09-05,8688
1613880809,2026-09-05,6902
1614701435,2026-09-05,14744
1616934635,2026-09-05,11706
1617534169,2026-09-05,38287
1618459811,2026-09-05,6178
1620838511,2026-09-05,13964
1623423360,2026-09-05,1242219
1623423504,2026-09-05,144510
1627919748,2026-09-05,15206
1628912584,2026-09-05,180234
1629519297,2026-09-05,29519
1630649870,2026-09-05,119365
1630977779,2026-09-05,6815
1631985204,2026-09-05,18651
1633386532,2026-09-05,6150
1635059883,2026-09-05,6466
1635116455,2026-09-05,13370
1635222296,2026-09-05,3657
1635709389,2026-09-05,87708
1636492142,2026-09-05,6659
1637053139,2026-09-05,7386
1641168812,2026-09-05,12088
1641807098,2026-09-05,53614
1647628520,2026-09-05,20907
1648970571,2026-09-05,4373
1649338884,2026-09-05,15908
1649442597,2026-09-05,49636
1651768817,2026-09-05,16269
1653043481,2026-09-05,9422
1659533826,2026-09-05,7619
1660102639,2026-09-05,9197
1660235095,2026-09-05,7419
1661428827,2026-09-05,17671
1665106451,2026-09-05,18316
1673226814,2026-09-05,7739
1683228401,2026-09-05,6016
1688887083,2026-09-05,198616
1690425831,2026-09-05,5303
1693982756,2026-09-05,41219
1701529356,2026-09-05,6687
1707957948,2026-09-05,8377
1708335879,2026-09-05,12671
1712760331,2026-09-05,52831
1715190550,2026-09-05,80413
1715523918,2026-09-05,9706
1717372176,2026-09-05,7060
1717781690,2026-09-05,7335
1720760712,2026-09-05,12470
1726290528,2026-09-05,24127
1728214912,2026-09-05,8359
1729817458,2026-09-05,5424
1732437279,2026-09-05,175610
1732447147,2026-09-05,190516
1740165239,2026-09-05,215186
1742527573,2026-09-05,5006
1743133825,2026-09-05,4898
1747099270,2026-09-05,210928
1747995732,2026-09-05,81609
1748517193,2026-09-05,8305
1754875978,2026-09-05,11428
1761353630,2026-09-05,10276
1762062219,2026-09-05,7046
1762619605,2026-09-05,4877
1764704051,2026-09-05,6532
1771058495,2026-09-05,5576
1773441054,2026-09-05,5528
1777266185,2026-09-05,17128
1780481482,2026-09-05,143792
1780597499,2026-09-05,30951
1786095925,2026-09-05,12520
1790861374,2026-09-05,13803
1793768254,2026-09-05,93379
1796402967,2026-09-05,12131
1796418794,2026-09-05,14559
1800624677,2026-09-05,5659
1812858232,2026-09-05,6310
1813104049,2026-09-05,7910
1813390120,2026-09-05,27850
1818025496,2026-09-05,68695
1819594115,2026-09-05,7174
1824937448,2026-09-05,7231
1828891972,2026-09-05,13907
1834433554,2026-09-05,34843
1834615504,2026-09-05,6288
1836457943,2026-09-05,46343
1843305631,2026-09-05,7959
1844363786,2026-09-05,5468
1848976806,2026-09-05,14268
1863514508,2026-09-05,34894
1866576239,2026-09-05,123007
1867143071,2026-09-05,7093
1868834704,2026-09-05,5232
1870741383,2026-09-05,6256
1871684873,2026-09-05,18876
1873097578,2026-09-05,70978
1873457161,2026-09-05,4013
1878473679,2026-09-05,244185
1878601358,2026-09-05,21829
1880071041,2026-09-05,42978
1881017456,2026-09-05,10701
1885775216,2026-09-05,47055
1885791325,2026-09-05,8555
1886496498,2026-09-05,45197
1887282318,2026-09-05,133126
1890399946,2026-09-05,181343
1890873104,2026-09-05,21811
1890983593,2026-09-05,4626
1892802718,2026-09-05,7023
1893193650,2026-09-05,8483
1899061789,2026-09-05,48617
1900830460,2026-09-05,36910
1900832246,2026-09-05,8764
1902551988,2026-09-05,9101
1915620447,2026-09-05,82263
1915625799,2026-09-05,22893
1917973338,2026-09-05,5507
1918281610,2026-09-05,85836
1918294643,2026-09-05,8382
1922397818,2026-09-05,14811
1923444292,2026-09-05,19532
1928831043,2026-09-05,88581
1934610438,2026-09-05,26337
1939754080,2026-09-05,8085
1943060017,2026-09-05,12423
1944445511,2026-09-05,23302
1959586530,2026-09-05,5926
1961367151,2026-09-05,8309
1961723204,2026-09-05,38595
1962426321,2026-09-05,23806
1970249743,2026-09-05,187414
1978311827,2026-09-05,9277
1978382517,2026-09-05,5452
1988230377,2026-09-05,18693
1990079757,2026-09-05,4902
1990646390,2026-09-05,7399
1991568775,2026-09-05,16506
1992015610,2026-09-05,4815
1993018111,2026-09-05,67216
1993869579,2026-09-05,98886
1995601384,2026-09-05,63294
1998204784,2026-09-05,78480
1999328266,2026-09-05,81329
1999512770,2026-09-05,15905
2001695790,2026-09-05,19359
2002751329,2026-09-05,6892
2008054135,2026-09-05,15911
2012803646,2026-09-05,7034
2017870391,2026-09-05,13089
2017891552,2026-09-05,27828
2019845637,2026-09-05,14619
2019852305,2026-09-05,14549
2019865539,2026-09-05,9591
2020164764,2026-09-05,14603
2024528246,2026-09-05,33892
2025131190,2026-09-05,44527
2026330346,2026-09-05,9384
2026367756,2026-09-05,42907
2027001560,2026-09-05,9497
2027015321,2026-09-05,212870
2027051983,2026-09-05,43670
2027087815,2026-09-05,7809
2028670202,2026-09-05,9945
2028826064,2026-09-05,17133
2029267357,2026-09-05,4747
2030472413,2026-09-05,57789
2031609146,2026-09-05,9996
2032118923,2026-09-05,20652
2032299408,2026-09-05,6119
2036051710,2026-09-05,5383
2037107797,2026-09-05,13909
2038973356,2026-09-05,23476
2040763291,2026-09-05,7689
2042882182,2026-09-05,8083
2044053450,2026-09-05,6609
2044599287,2026-09-05,28474
2047260446,2026-09-05,52307
2054717582,2026-09-05,17571
2058219282,2026-09-05,11985
2059474384,2026-09-05,20388
2060393654,2026-09-05,19480
2062843706,2026-09-05,18954
2062846721,2026-09-05,20817
2062849120,2026-09-05,24404
2064265567,2026-09-05,4913
2065121501,2026-09-05,5813
2066101156,2026-09-05,7395
2066393985,2026-09-05,28747
2066815588,2026-09-05,11259
2068768158,2026-09-05,30688
2069696471,2026-09-05,6191
2070082709,2026-09-05,40709
2077186491,2026-09-05,197459
2079926133,2026-09-05,37390
2094489751,2026-09-05,7873
2096162410,2026-09-05,38860
2097152337,2026-09-05,12100
2097903490,2026-09-05,5494
2104240928,2026-09-05,4523
2104495359,2026-09-05,19577
2104538771,2026-09-05,36456
2106506823,2026-09-05,7105
2112680970,2026-09-05,4610
2113865264,2026-09-05,19684
2114559224,2026-09-05,8015
2116422940,2026-09-05,92181
2119847182,2026-09-05,7254
2123646681,2026-09-05,20841
2130835957,2026-09-05,25363
2131014154,2026-09-05,267794
2136166095,2026-09-05,15871
2145844864,2026-09-05,11642
2147847286,2026-09-05,20404
2148259818,2026-09-05,39657
2149196786,2026-09-05,7740
2158207688,2026-09-05,7068
2160610678,2026-09-05,20125
2174082869,2026-09-05,33678
2177145527,2026-09-05,15707
2178603631,2026-09-05,47182
2183551683,2026-09-05,33302
2184737698,2026-09-05,37077
2187470106,2026-09-05,5131
2195523300,2026-09-05,69861
2202461067,2026-09-05,27567
2218335517,2026-09-05,21414
2218870708,2026-09-05,8654
2219070393,2026-09-05,10528
2219753980,2026-09-05,5728
2234187039,2026-09-05,47820
2239515632,2026-09-05,8638
2244483797,2026-09-05,52403
2247427791,2026-09-05,9163
2250100617,2026-09-05,28387
2252156569,2026-09-05,7511
2252191029,2026-09-05,12813
2257071139,2026-09-05,20997
2257643981,2026-09-05,12418
2261313592,2026-09-05,30797
2268189539,2026-09-05,25026
2268843111,2026-09-05,24155
2273568769,2026-09-05,9782
2273835333,2026-09-05,7116
2274356555,2026-09-05,9182
2280945168,2026-09-05,28143
2284514368,2026-09-05,153229
2288335512,2026-09-05,64183
2290797357,2026-09-05,6487
2293169684,2026-09-05,22294
2293827000,2026-09-05,28001
2305790641,2026-09-05,27122
2306455054,2026-09-05,66987
2310338497,2026-09-05,6572
2310933502,2026-09-05,13975
2332047637,2026-09-05,14572
2354506714,2026-09-05,22142
2360265002,2026-09-05,10257
2377505917,2026-09-05,18323
2389164674,2026-09-05,24598
2389589691,2026-09-05,110045
2400964705,2026-09-05,16925
2407436476,2026-09-05,129269
2409044128,2026-09-05,105211
2409209888,2026-09-05,222821
2409276081,2026-09-05,222940
2409550266,2026-09-05,10944
2409578462,2026-09-05,4527
2411756240,2026-09-05,6830
2411774658,2026-09-05,23481
2411818376,2026-09-05,258813
2417206619,2026-09-05,15428
2423471739,2026-09-05,50328
2434790082,2026-09-05,21345
2436408502,2026-09-05,16668
2436969913,2026-09-05,28746
2438313459,2026-09-05,185518
2441507863,2026-09-05,34947
2444803936,2026-09-05,12899
2448240735,2026-09-05,15683
2458024521,2026-09-05,43268
2458217640,2026-09-05,32093
2458588018,2026-09-05,14382
2458655721,2026-09-05,34922
2458656056,2026-09-05,69459
2458746718,2026-09-05,8526
2458928927,2026-09-05,38905
2459872857,2026-09-05,25657
2461014769,2026-09-05,84346
2461266066,2026-09-05,10592
2461999384,2026-09-05,35376
2462826553,2026-09-05,10160
2465534550,2026-09-05,11550
2465534699,2026-09-05,11786
2466510521,2026-09-05,16983
2466511041,2026-09-05,36587
2466607238,2026-09-05,307319
2472118845,2026-09-05,6589
2475302050,2026-09-05,266432
2475617894,2026-09-05,107602
2476102240,2026-09-05,24684
2479028391,2026-09-05,9713
2481973185,2026-09-05,14924
2490492573,2026-09-05,19576
2491069461,2026-09-05,8237
2491283817,2026-09-05,11461
2491573516,2026-09-05,6562
2494712590,2026-09-05,29768
2497748574,2026-09-05,15138
2498990660,2026-09-05,10196
2502673650,2026-09-05,48571
2508704523,2026-09-05,16037
2512317259,2026-09-05,34383
2512980560,2026-09-05,30162
2514556383,2026-09-05,40069
2517135561,2026-09-05,13726
2517213262,2026-09-05,41730
2520977707,2026-09-05,32292
2523234322,2026-09-05,15463
2525278602,2026-09-05,18764
2529002857,2026-09-05,99726
2529105358,2026-09-05,37736
2537406790,2026-09-05,19132
2544958612,2026-09-05,14138
2548912050,2026-09-05,14708
2555609401,2026-09-05,120804
2558262194,2026-09-05,10389
2558590111,2026-09-05,12320
2559956761,2026-09-05,15074
2559962615,2026-09-05,23814
2571844795,2026-09-05,19844
2572843550,2026-09-05,58008
2573906846,2026-09-05,9427
2574175110,2026-09-05,33377
2576362573,2026-09-05,31743
2579303396,2026-09-05,64046
2582937730,2026-09-05,77487
2583755721,2026-09-05,65227
2584338908,2026-09-05,39284
2598875789,2026-09-05,43273
2602025201,2026-09-05,21915
2603031001,2026-09-05,111106
2603074910,2026-09-05,9398
2603957954,2026-09-05,10921
2604778880,2026-09-05,36648
2607042792,2026-09-05,19131
2608299248,2026-09-05,18309
2608299476,2026-09-05,33266
2608435724,2026-09-05,14554
2609450219,2026-09-05,9237
2613761945,2026-09-05,6156
2614472081,2026-09-05,25010
2616955720,2026-09-05,12878
2618143990,2026-09-05,20140
2619478648,2026-09-05,15672
2620089636,2026-09-05,24410
2621564981,2026-09-05,11195
2621840890,2026-09-05,22024
2622652746,2026-09-05,65139
2626285356,2026-09-05,35358
2626820802,2026-09-05,10697
2627609414,2026-09-05,20410
2628611107,2026-09-05,12934
2629543194,2026-09-05,20480
2631211703,2026-09-05,43148
2633444661,2026-09-05,49153
2635012115,2026-09-05,21023
2637630330,2026-09-05,12445
2641256974,2026-09-05,78394
2644238920,2026-09-05,13321
2645707091,2026-09-05,59522
2645981075,2026-09-05,16930
2646410054,2026-09-05,27175
2648658105,2026-09-05,72661
2651345333,2026-09-05,12044
2652578379,2026-09-05,25773
2653699311,2026-09-05,16747
2653789292,2026-09-05,21366
2660548454,2026-09-05,140308
2662722782,2026-09-05,9631
2662937312,2026-09-05,21130
2663957444,2026-09-05,11877
2667143039,2026-09-05,55629
2667595705,2026-09-05,14349
2672884318,2026-09-05,16175
2679512490,2026-09-05,12133
2683475897,2026-09-05,13534
2687653241,2026-09-05,14959
2689020223,2026-09-05,17936
2691024387,2026-09-05,56649
2702005349,2026-09-05,15367
2710894758,2026-09-05,16827
2717193796,2026-09-05,45854
2719075597,2026-09-05,56134
2728498280,2026-09-05,14149
2732567565,2026-09-05,11830
2735054420,2026-09-05,37649
2737603165,2026-09-05,39757
2738038455,2026-09-05,46730
2743333016,2026-09-05,16897
2745386732,2026-09-05,11632
2745772420,2026-09-05,7368
2748029219,2026-09-05,137617
2752952962,2026-09-05,7114
2754319969,2026-09-05,26893
2764885229,2026-09-05,6652
2765125322,2026-09-05,14274
2766998502,2026-09-05,29473
2769148429,2026-09-05,12007
2770440127,2026-09-05,35713
2774388842,2026-09-05,19377
2774987343,2026-09-05,17287
2775968897,2026-09-05,78734
2776070504,2026-09-05,36217
2783854571,2026-09-05,17009
2783854641,2026-09-05,28299
2784050534,2026-09-05,6452
2784337730,2026-09-05,10665
2785777242,2026-09-05,12130
2785989313,2026-09-05,22421
2786268200,2026-09-05,19416
2786371128,2026-09-05,26745
2787727603,2026-09-05,14967
2788827517,2026-09-05,13877
2788839315,2026-09-05,7299
2790961377,2026-09-05,9452
2791119024,2026-09-05,50681
2796246549,2026-09-05,6666
2797095333,2026-09-05,52549
2802824108,2026-09-05,11306
2804194007,2026-09-05,13985
2806737895,2026-09-05,11329
2806903835,2026-09-05,31221
2807759164,2026-09-05,51918
2807778592,2026-09-05,45719
2808486613,2026-09-05,23638
2809216375,2026-09-05,30793
2809332037,2026-09-05,40102
2809452753,2026-09-05,15408
2810064268,2026-09-05,26020
2811907627,2026-09-05,36403
2812860898,2026-09-05,168046
2812925242,2026-09-05,56061
2813707242,2026-09-05,11376
2814586266,2026-09-05,74896
2815767345,2026-09-05,23621
2816163133,2026-09-05,12718
2816360131,2026-09-05,20485
2819720352,2026-09-05,59952
2820330517,2026-09-05,24682
2821014992,2026-09-05,16030
2821711162,2026-09-05,15293
2822984099,2026-09-05,22851
2822984175,2026-09-05,22751
2825985873,2026-09-05,38496
2825986399,2026-09-05,27790
2829069506,2026-09-05,46432
2829069669,2026-09-05,33298
2830366252,2026-09-05,48228
2830996776,2026-09-05,34090
2830996883,2026-09-05,20180
2831177989,2026-09-05,25255
2831178263,2026-09-05,22521
2833499231,2026-09-05,10921
2837700978,2026-09-05,32139
2838470527,2026-09-05,8843
2841481791,2026-09-05,28808
2846380330,2026-09-05,11793
2847901464,2026-09-05,14700
2851692297,2026-09-05,11207
2854596966,2026-09-05,11341
2856821840,2026-09-05,20040
2863854446,2026-09-05,10379
2865408972,2026-09-05,28214
2866658484,2026-09-05,12977
2868168109,2026-09-05,11566
2868514243,2026-09-05,11000
2868680633,2026-09-05,11616
2871620925,2026-09-05,21526
2871980758,2026-09-05,23371
2871981062,2026-09-05,20535
2873057249,2026-09-05,19211
2874137992,2026-09-05,37147
2875756339,2026-09-05,15734
2875756695,2026-09-05,14546
2878075116,2026-09-05,26604
2885244355,2026-09-05,35522
2887758432,2026-09-05,8346
2888119865,2026-09-05,47430
2897254807,2026-09-05,32619
2897373654,2026-09-05,24997
2898179957,2026-09-05,14026
2898180179,2026-09-05,13749
2902512011,2026-09-05,30314
2907769573,2026-09-05,13865
2909582424,2026-09-05,23690
2909902624,2026-09-05,19541
2914220019,2026-09-05,21969
2916082557,2026-09-05,12488
2916982793,2026-09-05,14937
2919428234,2026-09-05,21250
2919921364,2026-09-05,12423
2930369811,2026-09-05,15764
2930813098,2026-09-05,11110
2932557948,2026-09-05,11127
2932808239,2026-09-05,12692
2934387908,2026-09-05,15865
2935276961,2026-09-05,13114
2938897848,2026-09-05,12406
2941031061,2026-09-05,25145
2942679675,2026-09-05,24936
2945629971,2026-09-05,15507
2945942583,2026-09-05,12504
2946000546,2026-09-05,36406
2948301103,2026-09-05,91303
2950661639,2026-09-05,20408
2951466817,2026-09-05,22614
2951652477,2026-09-05,27495
2953073033,2026-09-05,13520
2954963007,2026-09-05,21325
2955341502,2026-09-05,21194
2956750257,2026-09-05,24703
2956750503,2026-09-05,35828
2958421797,2026-09-05,23384
2958422000,2026-09-05,14876
2960317218,2026-09-05,22566
2960574667,2026-09-05,24056
2972849902,2026-09-05,11695
2976235256,2026-09-05,12669
2976454692,2026-09-05,61417
2976527288,2026-09-05,114793
2976573664,2026-09-05,28234
2979089967,2026-09-05,14774
2980154280,2026-09-05,12938
2982710154,2026-09-05,22057
2990642419,2026-09-05,46147
2994821528,2026-09-05,45597
2997295407,2026-09-05,30667
2997774670,2026-09-05,15373
3002188516,2026-09-05,126475
3003219188,2026-09-05,22067
3005307317,2026-09-05,16384
3010528164,2026-09-05,18591
3011811483,2026-09-05,15009
3022132203,2026-09-05,16063
3032768344,2026-09-05,43227
3039370479,2026-09-05,25113
3051471269,2026-09-05,18201
3062038863,2026-09-05,51924
3065245398,2026-09-05,22276
3067902147,2026-09-05,64188
3079374348,2026-09-05,50873
3081699910,2026-09-05,14662
3082164342,2026-09-05,60845
3086143878,2026-09-05,154825
3086154149,2026-09-05,88464
3090328185,2026-09-05,79140
3094458137,2026-09-05,17601
3099975582,2026-09-05,43908
3103861276,2026-09-05,16175
3108330591,2026-09-05,22495
3109481596,2026-09-05,15475
3110808560,2026-09-05,18282
3142294658,2026-09-05,66859
3153706012,2026-09-05,110100
3163759042,2026-09-05,20209
3164776901,2026-09-05,21095
3165622182,2026-09-05,14297
3170396896,2026-09-05,20875
3172780032,2026-09-05,18697
3173205208,2026-09-05,20156
3173239930,2026-09-05,66035
3173319652,2026-09-05,27032
3181487775,2026-09-05,46545
3182759042,2026-09-05,19838
3193493385,2026-09-05,16531
3193699928,2026-09-05,32899
3195070547,2026-09-05,39057
3213623064,2026-09-05,12628
3241119393,2026-09-05,90631
3241734509,2026-09-05,16637
3243319558,2026-09-05,39431
3243432906,2026-09-05,26894
3243731913,2026-09-05,29900
3245080043,2026-09-05,33237
3245570160,2026-09-05,22092
3248725702,2026-09-05,24042
3250900527,2026-09-05,35999
3251543091,2026-09-05,12663
3275068730,2026-09-05,18255
3278963965,2026-09-05,20120
3291336822,2026-09-05,14750
3292155860,2026-09-05,14167
3301557224,2026-09-05,26354
3330088804,2026-09-05,42918
3339549399,2026-09-05,32107
3343044098,2026-09-05,16213
3344489699,2026-09-05,23255
3359568450,2026-09-05,55512
3361978004,2026-09-05,27398
3361979100,2026-09-05,25410
3365265900,2026-09-05,15123
3370060302,2026-09-05,23542
3372023877,2026-09-05,18046
3378829098,2026-09-05,18655
3385530791,2026-09-05,29712
3387068412,2026-09-05,28668
3388569976,2026-09-05,15116
3393221268,2026-09-05,18031
3393552523,2026-09-05,35379
3405506592,2026-09-05,34019
3430241523,2026-09-05,17857
3451188081,2026-09-05,27325
3472727778,2026-09-05,18265
3478208799,2026-09-05,18199
3481775336,2026-09-05,41783
3482538734,2026-09-05,44666
3482693757,2026-09-05,35549
3483853399,2026-09-05,18768
3486033112,2026-09-05,14724
3486985238,2026-09-05,18926
3491116708,2026-09-05,39201
3496262792,2026-09-05,25714
3532904115,2026-09-05,28781
3538765396,2026-09-05,36692
3556222090,2026-09-05,28209
3575236236,2026-09-05,49574
3576125834,2026-09-05,31279
3607472385,2026-09-05,23039
3701747681,2026-09-05,22182
3723865830,2026-09-05,27911
681481647,2026-09-05,12608
681483874,2026-09-05,25108
681489287,2026-09-05,16609
681553348,2026-09-05,21276
681576508,2026-09-05,118992
681684405,2026-09-05,8783
681699672,2026-09-05,8002
681787759,2026-09-05,19055
681802702,2026-09-05,20023
681803404,2026-09-05,63720
681816257,2026-09-05,25407
681987087,2026-09-05,9006
682090850,2026-09-05,130485
682165224,2026-09-05,102403
682190594,2026-09-05,13468
682272091,2026-09-05,6262
682286863,2026-09-05,5729
682336292,2026-09-05,12752
682691478,2026-09-05,80187
682776251,2026-09-05,41681
682851228,2026-09-05,45145
682914421,2026-09-05,5909
683096962,2026-09-05,8296
683121431,2026-09-05,14720
683175110,2026-09-05,17881
683230077,2026-09-05,411957
683277624,2026-09-05,5056
683328031,2026-09-05,12432
683409704,2026-09-05,74233
683412153,2026-09-05,5687
683594024,2026-09-05,20360
683756022,2026-09-05,6090
684384680,2026-09-05,11183
684454645,2026-09-05,18488
684509615,2026-09-05,288921
685413774,2026-09-05,47792
686276531,2026-09-05,44458
686666244,2026-09-05,24615
686764629,2026-09-05,12465
686768193,2026-09-05,29266
687037851,2026-09-05,96877
687226658,2026-09-05,65522
687822601,2026-09-05,6944
687882799,2026-09-05,9485
688086068,2026-09-05,134779
688576380,2026-09-05,11792
689601294,2026-09-05,12470
689858852,2026-09-05,6727
690350384,2026-09-05,29286
690969389,2026-09-05,9155
691008512,2026-09-05,29183
692028161,2026-09-05,119720
692253918,2026-09-05,16052
692492543,2026-09-05,71897
693402022,2026-09-05,27320
693447055,2026-09-05,53098
694492075,2026-09-05,4168
695288963,2026-09-05,12907
696649459,2026-09-05,10129
696905076,2026-09-05,10770
697938908,2026-09-05,287669
701432146,2026-09-05,60691
701739734,2026-09-05,51041
702164152,2026-09-05,5757
703156866,2026-09-05,64769
707297106,2026-09-05,13881
707415339,2026-09-05,5297
708669421,2026-09-05,12999
708752579,2026-09-05,5734
710345134,2026-09-05,13816
711413459,2026-09-05,9374
711825958,2026-09-05,15785
717060367,2026-09-05,16990
717220943,2026-09-05,9514
717498014,2026-09-05,6020
718529178,2026-09-05,10557
718918906,2026-09-05,7237
719712462,2026-09-05,8143
719802418,2026-09-05,6410
720237457,2026-09-05,84495
721416416,2026-09-05,14308
723219794,2026-09-05,16340
725596168,2026-09-05,16604
727000451,2026-09-05,386996
728648312,2026-09-05,5234
731621473,2026-09-05,12674
733386004,2026-09-05,4404
734129025,2026-09-05,59560
734362182,2026-09-05,37270
734843885,2026-09-05,7104
739477966,2026-09-05,16031
741194923,2026-09-05,63998
741930256,2026-09-05,81249
750263062,2026-09-05,32980
751394361,2026-09-05,97744
760594284,2026-09-05,11503
765938943,2026-09-05,66884
768131386,2026-09-05,34612
771132431,2026-09-05,5603
774130053,2026-09-05,14914
775122094,2026-09-05,19736
775944333,2026-09-05,61947
776095610,2026-09-05,12079
779729987,2026-09-05,5269
780559390,2026-09-05,4293
784249404,2026-09-05,16160
784471286,2026-09-05,11273
785299768,2026-09-05,31259
786691625,2026-09-05,5256
787237639,2026-09-05,4419
789959744,2026-09-05,5998
790903721,2026-09-05,48555
791049007,2026-09-05,29522
792538274,2026-09-05,5827
792636965,2026-09-05,41797
794155473,2026-09-05,8177
794390514,2026-09-05,5140
796045259,2026-09-05,4433
796529957,2026-09-05,47371
796547578,2026-09-05,11011
798492527,2026-09-05,8653
798679745,2026-09-05,8367
799999383,2026-09-05,12617
803452214,2026-09-05,4940
803491311,2026-09-05,8987
803553012,2026-09-05,5080
803681792,2026-09-05,18252
804293993,2026-09-05,27633
804732593,2026-09-05,9789
804946681,2026-09-05,5620
810204739,2026-09-05,46330
810929902,2026-09-05,8386
811274428,2026-09-05,4636
814211685,2026-09-05,5434
814332008,2026-09-05,36974
814854383,2026-09-05,12075
815380349,2026-09-05,11644
819007550,2026-09-05,45856
819100775,2026-09-05,12916
819148835,2026-09-05,507697
822305739,2026-09-05,18650
825050563,2026-09-05,24949
828731704,2026-09-05,90357
830391521,2026-09-05,23775
840482374,2026-09-05,34481
844630489,2026-09-05,40501
850142603,2026-09-05,14179
850721710,2026-09-05,22483
850823920,2026-09-05,7850
852005580,2026-09-05,12461
855097786,2026-09-05,29668
861800679,2026-09-05,10612
864541681,2026-09-05,28679
865040033,2026-09-05,272272
865869495,2026-09-05,3541
868965217,2026-09-05,6015
872596925,2026-09-05,14636
873063455,2026-09-05,12493
876504304,2026-09-05,17239
878598475,2026-09-05,24899
881118424,2026-09-05,9796
885800185,2026-09-05,6470
886734961,2026-09-05,9385
899611868,2026-09-05,5547
899653076,2026-09-05,20207
899795759,2026-09-05,12146
899929086,2026-09-05,19017
900079667,2026-09-05,8398
900785559,2026-09-05,6119
901022971,2026-09-05,10787
901039859,2026-09-05,13763
901614896,2026-09-05,21326
901988941,2026-09-05,6480
902204150,2026-09-05,9314
902204956,2026-09-05,147464
902487845,2026-09-05,8618
902526212,2026-09-05,18808
902696548,2026-09-05,6235
902701397,2026-09-05,7495
903007094,2026-09-05,20139
904956708,2026-09-05,45094
905176884,2026-09-05,7819
905434289,2026-09-05,5306
906953618,2026-09-05,16458
908639878,2026-09-05,27168
909268717,2026-09-05,15018
909670231,2026-09-05,19934
910355834,2026-09-05,9070
910576007,2026-09-05,10935
910751973,2026-09-05,27100
914872677,2026-09-05,10205
915432220,2026-09-05,56985
917206871,2026-09-05,7798
917618322,2026-09-05,5239
922791015,2026-09-05,7639
922893821,2026-09-05,16604
924990631,2026-09-05,100997
925473841,2026-09-05,15221
929140455,2026-09-05,5697
932208450,2026-09-05,5998
932345488,2026-09-05,7766
932869910,2026-09-05,6361
937289339,2026-09-05,437311
939602477,2026-09-05,9849
943263656,2026-09-05,9661
945999514,2026-09-05,8998
946222466,2026-09-05,141876
948359179,2026-09-05,7329
948431670,2026-09-05,10059
948883955,2026-09-05,27878
952438221,2026-09-05,7386
953888861,2026-09-05,16614
954173598,2026-09-05,4107
972423198,2026-09-05,6266
1067631798,2026-09-06,116009
1074841707,2026-09-06,61329
1085097357,2026-09-06,23030
1085848794,2026-09-06,12267
1085907846,2026-09-06,20119
1087781345,2026-09-06,61902
1093279583,2026-09-06,27437
1093286611,2026-09-06,28077
1098915405,2026-09-06,7350
1100284147,2026-09-06,204425
1107423111,2026-09-06,31472
1112740619,2026-09-06,23177
1121692237,2026-09-06,568747
1123086074,2026-09-06,31863
1126014321,2026-09-06,11636
1128927140,2026-09-06,18505
1129879777,2026-09-06,24047
1140780022,2026-09-06,14601
1142142725,2026-09-06,13294
1142647596,2026-09-06,7212
1144654097,2026-09-06,25524
1148241123,2026-09-06,6400
1148614148,2026-09-06,5203
1159908355,2026-09-06,11238
1160316076,2026-09-06,9817
1168376022,2026-09-06,9359
1170859543,2026-09-06,8388
1172077353,2026-09-06,9222
1173746413,2026-09-06,6733
1173995428,2026-09-06,23708
1180299890,2026-09-06,20956
1181575896,2026-09-06,16328
1199002146,2026-09-06,310543
1210945403,2026-09-06,15597
1212536129,2026-09-06,7791
1215611424,2026-09-06,15090
1219847230,2026-09-06,32324
1223822935,2026-09-06,30233
1227620643,2026-09-06,178820
1230096820,2026-09-06,73916
1234426616,2026-09-06,19736
1239558744,2026-09-06,10584
1242221332,2026-09-06,7438
1249001485,2026-09-06,11962
1255082381,2026-09-06,4529
1255617173,2026-09-06,15494
1261141644,2026-09-06,45627
1261144072,2026-09-06,4523
1279836097,2026-09-06,14278
1286356239,2026-09-06,14504
1290047689,2026-09-06,4568
1292000683,2026-09-06,4648
1294720127,2026-09-06,12268
1299739260,2026-09-06,5811
1302897684,2026-09-06,94014
1302967002,2026-09-06,8563
1302974986,2026-09-06,9263
1303807781,2026-09-06,11330
1310174680,2026-09-06,6406
1310381862,2026-09-06,10116
1310670900,2026-09-06,6503
1311725711,2026-09-06,185729
1313065097,2026-09-06,3746
1314648742,2026-09-06,5068
1314805272,2026-09-06,7638
1315017527,2026-09-06,20348
1315030839,2026-09-06,14918
1315558378,2026-09-06,7585
1316044027,2026-09-06,8991
1317022177,2026-09-06,10365
1319264195,2026-09-06,10272
1320158755,2026-09-06,16709
1320989536,2026-09-06,26948
1321344591,2026-09-06,53180
1322023193,2026-09-06,6963
1323169277,2026-09-06,3930
1323750659,2026-09-06,9078
1324539009,2026-09-06,3380
1324813584,2026-09-06,32700
1327874725,2026-09-06,12749
1328104435,2026-09-06,11134
1329351538,2026-09-06,3621
1333526620,2026-09-06,64708
1336349704,2026-09-06,13143
1340817672,2026-09-06,27487
1343811959,2026-09-06,40236
1345239366,2026-09-06,5509
1346877266,2026-09-06,39763
1348876762,2026-09-06,14409
1350339022,2026-09-06,7474
1351268991,2026-09-06,18063
1351653132,2026-09-06,6972
1351953375,2026-09-06,13717
1353547443,2026-09-06,42029
1355094979,2026-09-06,15808
1359700418,2026-09-06,24231
1360500017,2026-09-06,20388
1364760456,2026-09-06,6744
1365485813,2026-09-06,5488
1366244440,2026-09-06,5996
1373224279,2026-09-06,13397
1374229669,2026-09-06,20637
1381214767,2026-09-06,12229
1383580181,2026-09-06,6173
1383923905,2026-09-06,3415
1385175538,2026-09-06,9823
1386911531,2026-09-06,24462
1390963071,2026-09-06,6388
1394094004,2026-09-06,11384
1395096076,2026-09-06,15304
1395190521,2026-09-06,4033
1397793683,2026-09-06,8895
1399069277,2026-09-06,10273
1400726514,2026-09-06,4369
1407118357,2026-09-06,8052
1410753850,2026-09-06,4401
1412308130,2026-09-06,11320
1412637064,2026-09-06,9144
1414213153,2026-09-06,21002
1417984165,2026-09-06,11814
1419304439,2026-09-06,176962
1420427657,2026-09-06,14595
1422271755,2026-09-06,4663
1436141067,2026-09-06,7063
1439513019,2026-09-06,6878
1440941890,2026-09-06,23194
1445668908,2026-09-06,8418
1445669234,2026-09-06,4880
1455861246,2026-09-06,42937
1457731350,2026-09-06,15116
1467714013,2026-09-06,11561
1468105710,2026-09-06,45297
1468136930,2026-09-06,30827
1481972266,2026-09-06,63899
1489142966,2026-09-06,10255
1492025820,2026-09-06,19991
1504307690,2026-09-06,92403
1506078758,2026-09-06,81973
1506079443,2026-09-06,42549
1506079770,2026-09-06,20950
1506080933,2026-09-06,21525
1506081116,2026-09-06,22190
1506081421,2026-09-06,93850
1506083796,2026-09-06,42208
1506085043,2026-09-06,15003
1509094777,2026-09-06,5067
1511046299,2026-09-06,7408
1516881814,2026-09-06,7548
1519236931,2026-09-06,5763
1523039190,2026-09-06,7878
1524724960,2026-09-06,7624
1534545104,2026-09-06,4807
1535507574,2026-09-06,10134
1544526280,2026-09-06,8554
1566822652,2026-09-06,11361
1566961776,2026-09-06,14436
1575843310,2026-09-06,7372
1584361127,2026-09-06,7311
1585106954,2026-09-06,16220
1586639570,2026-09-06,14797
1587178040,2026-09-06,93717
1587386821,2026-09-06,4899
1587874171,2026-09-06,5483
1588842850,2026-09-06,4037
1588853224,2026-09-06,28350
1590362799,2026-09-06,31433
1591647610,2026-09-06,35005
1592149666,2026-09-06,10123
1593221761,2026-09-06,5706
1595876588,2026-09-06,353882
1597881336,2026-09-06,14658
1607524900,2026-09-06,10430
1609801017,2026-09-06,13588
1610020781,2026-09-06,3850
1610578060,2026-09-06,190904
1612679489,2026-09-06,7539
1613766846,2026-09-06,8688
1613880809,2026-09-06,6902
1614701435,2026-09-06,14744
1616934635,2026-09-06,11706
1617534169,2026-09-06,38287
1618459811,2026-09-06,6178
1620838511,2026-09-06,13964
1623423360,2026-09-06,1242219
1623423504,2026-09-06,144510
1627919748,2026-09-06,15206
1628912584,2026-09-06,180234
1629519297,2026-09-06,29519
1630649870,2026-09-06,119365
1630977779,2026-09-06,6815
1631985204,2026-09-06,18651
1633386532,2026-09-06,6150
1635059883,2026-09-06,6466
1635116455,2026-09-06,13370
1635222296,2026-09-06,3657
1635709389,2026-09-06,87708
1636492142,2026-09-06,6659
1637053139,2026-09-06,7386
1641168812,2026-09-06,12088
1641807098,2026-09-06,53614
1647628520,2026-09-06,20907
1648970571,2026-09-06,4373
1649338884,2026-09-06,15908
1649442597,2026-09-06,49636
1651768817,2026-09-06,16269
1653043481,2026-09-06,9422
1659533826,2026-09-06,7619
1660102639,2026-09-06,9197
1660235095,2026-09-06,7419
1661428827,2026-09-06,17671
1665106451,2026-09-06,18316
1673226814,2026-09-06,7739
1683228401,2026-09-06,6016
1688887083,2026-09-06,198616
1690425831,2026-09-06,5303
1693982756,2026-09-06,41219
1701529356,2026-09-06,6687
1707957948,2026-09-06,8377
1708335879,2026-09-06,12671
1712760331,2026-09-06,52831
1715190550,2026-09-06,80413
1715523918,2026-09-06,9706
1717372176,2026-09-06,7060
1717781690,2026-09-06,7335
1720760712,2026-09-06,12470
1726290528,2026-09-06,24127
1728214912,2026-09-06,8359
1729817458,2026-09-06,5424
1732437279,2026-09-06,175610
1732447147,2026-09-06,190516
1740165239,2026-09-06,215186
1742527573,2026-09-06,5006
1743133825,2026-09-06,4898
1747099270,2026-09-06,210928
1747995732,2026-09-06,81609
1748517193,2026-09-06,8305
1754875978,2026-09-06,11428
1761353630,2026-09-06,10276
1762062219,2026-09-06,7046
1762619605,2026-09-06,4877
1764704051,2026-09-06,6532
1771058495,2026-09-06,5576
1773441054,2026-09-06,5528
1777266185,2026-09-06,17128
1780481482,2026-09-06,143792
1780597499,2026-09-06,30951
1786095925,2026-09-06,12520
1790861374,2026-09-06,13803
1793768254,2026-09-06,93379
1796402967,2026-09-06,12131
1796418794,2026-09-06,14559
1800624677,2026-09-06,5659
1812858232,2026-09-06,6310
1813104049,2026-09-06,7910
1813390120,2026-09-06,27850
1818025496,2026-09-06,68695
1819594115,2026-09-06,7174
1824937448,2026-09-06,7231
1828891972,2026-09-06,13907
1834433554,2026-09-06,34843
1834615504,2026-09-06,6288
1836457943,2026-09-06,46343
1843305631,2026-09-06,7959
1844363786,2026-09-06,5468
1848976806,2026-09-06,14268
1863514508,2026-09-06,34894
1866576239,2026-09-06,123007
1867143071,2026-09-06,7093
1868834704,2026-09-06,5232
1870741383,2026-09-06,6256
1871684873,2026-09-06,18876
1873097578,2026-09-06,70978
1873457161,2026-09-06,4013
1878473679,2026-09-06,244185
1878601358,2026-09-06,21829
1880071041,2026-09-06,42978
1881017456,2026-09-06,10701
1885775216,2026-09-06,47055
1885791325,2026-09-06,8555
1886496498,2026-09-06,45197
1887282318,2026-09-06,133126
1890399946,2026-09-06,181343
1890873104,2026-09-06,21811
1890983593,2026-09-06,4626
1892802718,2026-09-06,7023
1893193650,2026-09-06,8483
1899061789,2026-09-06,48617
1900830460,2026-09-06,36910
1900832246,2026-09-06,8764
1902551988,2026-09-06,9101
1915620447,2026-09-06,82263
1915625799,2026-09-06,22893
1917973338,2026-09-06,5507
1918281610,2026-09-06,85836
1918294643,2026-09-06,8382
1922397818,2026-09-06,14811
1923444292,2026-09-06,19532
1928831043,2026-09-06,88581
1934610438,2026-09-06,26337
1939754080,2026-09-06,8085
1943060017,2026-09-06,12423
1944445511,2026-09-06,23302
1959586530,2026-09-06,5926
1961367151,2026-09-06,8309
1961723204,2026-09-06,38595
1962426321,2026-09-06,23806
1970249743,2026-09-06,187414
1978311827,2026-09-06,9277
1978382517,2026-09-06,5452
1988230377,2026-09-06,18693
1990079757,2026-09-06,4902
1990646390,2026-09-06,7399
1991568775,2026-09-06,16506
1992015610,2026-09-06,4815
1993018111,2026-09-06,67216
1993869579,2026-09-06,98886
1995601384,2026-09-06,63294
1998204784,2026-09-06,78480
1999328266,2026-09-06,81329
1999512770,2026-09-06,15905
2001695790,2026-09-06,19359
2002751329,2026-09-06,6892
2008054135,2026-09-06,15911
2012803646,2026-09-06,7034
2017870391,2026-09-06,13089
2017891552,2026-09-06,27828
2019845637,2026-09-06,14619
2019852305,2026-09-06,14549
2019865539,2026-09-06,9591
2020164764,2026-09-06,14603
2024528246,2026-09-06,33892
2025131190,2026-09-06,44527
2026330346,2026-09-06,9384
2026367756,2026-09-06,42907
2027001560,2026-09-06,9497
2027015321,2026-09-06,212870
2027051983,2026-09-06,43670
2027087815,2026-09-06,7809
2028670202,2026-09-06,9945
2028826064,2026-09-06,17133
2029267357,2026-09-06,4747
2030472413,2026-09-06,57789
2031609146,2026-09-06,9996
2032118923,2026-09-06,20652
2032299408,2026-09-06,6119
2036051710,2026-09-06,5383
2037107797,2026-09-06,13909
2038973356,2026-09-06,23476
2040763291,2026-09-06,7689
2042882182,2026-09-06,8083
2044053450,2026-09-06,6609
2044599287,2026-09-06,28474
2047260446,2026-09-06,52307
2054717582,2026-09-06,17571
2058219282,2026-09-06,11985
2059474384,2026-09-06,20388
2060393654,2026-09-06,19480
2062843706,2026-09-06,18954
2062846721,2026-09-06,20817
2062849120,2026-09-06,24404
2064265567,2026-09-06,4913
2065121501,2026-09-06,5813
2066101156,2026-09-06,7395
2066393985,2026-09-06,28747
2066815588,2026-09-06,11259
2068768158,2026-09-06,30688
2069696471,2026-09-06,6191
2070082709,2026-09-06,40709
2077186491,2026-09-06,197459
2079926133,2026-09-06,37390
2094489751,2026-09-06,7873
2096162410,2026-09-06,38860
2097152337,2026-09-06,12100
2097903490,2026-09-06,5494
2104240928,2026-09-06,4523
2104495359,2026-09-06,19577
2104538771,2026-09-06,36456
2106506823,2026-09-06,7105
2112680970,2026-09-06,4610
2113865264,2026-09-06,19684
2114559224,2026-09-06,8015
2116422940,2026-09-06,92181
2119847182,2026-09-06,7254
2123646681,2026-09-06,20841
2130835957,2026-09-06,25363
2131014154,2026-09-06,267794
2136166095,2026-09-06,15871
2145844864,2026-09-06,11642
2147847286,2026-09-06,20404
2148259818,2026-09-06,39657
2149196786,2026-09-06,7740
2158207688,2026-09-06,7068
2160610678,2026-09-06,20125
2174082869,2026-09-06,33678
2177145527,2026-09-06,15707
2178603631,2026-09-06,47182
2183551683,2026-09-06,33302
2184737698,2026-09-06,37077
2187470106,2026-09-06,5131
2195523300,2026-09-06,69861
2202461067,2026-09-06,27567
2218335517,2026-09-06,21414
2218870708,2026-09-06,8654
2219070393,2026-09-06,10528
2219753980,2026-09-06,5728
2234187039,2026-09-06,47820
2239515632,2026-09-06,8638
2244483797,2026-09-06,52403
2247427791,2026-09-06,9163
2250100617,2026-09-06,28387
2252156569,2026-09-06,7511
2252191029,2026-09-06,12813
2257071139,2026-09-06,20997
2257643981,2026-09-06,12418
2261313592,2026-09-06,30797
2268189539,2026-09-06,25026
2268843111,2026-09-06,24155
2273568769,2026-09-06,9782
2273835333,2026-09-06,7116
2274356555,2026-09-06,9182
2280945168,2026-09-06,28143
2284514368,2026-09-06,153229
2288335512,2026-09-06,64183
2290797357,2026-09-06,6487
2293169684,2026-09-06,22294
2293827000,2026-09-06,28001
2305790641,2026-09-06,27122
2306455054,2026-09-06,66987
2310338497,2026-09-06,6572
2310933502,2026-09-06,13975
2332047637,2026-09-06,14572
2354506714,2026-09-06,22142
2360265002,2026-09-06,10257
2377505917,2026-09-06,18323
2389164674,2026-09-06,24598
2389589691,2026-09-06,110045
2400964705,2026-09-06,16925
2407436476,2026-09-06,129269
2409044128,2026-09-06,105211
2409209888,2026-09-06,222821
2409276081,2026-09-06,222940
2409550266,2026-09-06,10944
2409578462,2026-09-06,4527
2411756240,2026-09-06,6830
2411774658,2026-09-06,23481
2411818376,2026-09-06,258813
2417206619,2026-09-06,15428
2423471739,2026-09-06,50328
2434790082,2026-09-06,21345
2436408502,2026-09-06,16668
2436969913,2026-09-06,28746
2438313459,2026-09-06,185518
2441507863,2026-09-06,34947
2444803936,2026-09-06,12899
2448240735,2026-09-06,15683
2458024521,2026-09-06,43268
2458217640,2026-09-06,32093
2458588018,2026-09-06,14382
2458655721,2026-09-06,34922
2458656056,2026-09-06,69459
2458746718,2026-09-06,8526
2458928927,2026-09-06,38905
2459872857,2026-09-06,25657
2461014769,2026-09-06,84346
2461266066,2026-09-06,10592
2461999384,2026-09-06,35376
2462826553,2026-09-06,10160
2465534550,2026-09-06,11550
2465534699,2026-09-06,11786
2466510521,2026-09-06,16983
2466511041,2026-09-06,36587
2466607238,2026-09-06,307319
2472118845,2026-09-06,6589
2475302050,2026-09-06,266432
2475617894,2026-09-06,107602
2476102240,2026-09-06,24684
2479028391,2026-09-06,9713
2481973185,2026-09-06,14924
2490492573,2026-09-06,19576
2491069461,2026-09-06,8237
2491283817,2026-09-06,11461
2491573516,2026-09-06,6562
2494712590,2026-09-06,29768
2497748574,2026-09-06,15138
2498990660,2026-09-06,10196
2502673650,2026-09-06,48571
2508704523,2026-09-06,16037
2512317259,2026-09-06,34383
2512980560,2026-09-06,30162
2514556383,2026-09-06,40069
2517135561,2026-09-06,13726
2517213262,2026-09-06,41730
2520977707,2026-09-06,32292
2523234322,2026-09-06,15463
2525278602,2026-09-06,18764
2529002857,2026-09-06,99726
2529105358,2026-09-06,37736
2537406790,2026-09-06,19132
2544958612,2026-09-06,14138
2548912050,2026-09-06,14708
2555609401,2026-09-06,120804
2558262194,2026-09-06,10389
2558590111,2026-09-06,12320
2559956761,2026-09-06,15074
2559962615,2026-09-06,23814
2571844795,2026-09-06,19844
2572843550,2026-09-06,58008
2573906846,2026-09-06,9427
2574175110,2026-09-06,33377
2576362573,2026-09-06,31743
2579303396,2026-09-06,64046
2582937730,2026-09-06,77487
2583755721,2026-09-06,65227
2584338908,2026-09-06,39284
2598875789,2026-09-06,43273
2602025201,2026-09-06,21915
2603031001,2026-09-06,111106
2603074910,2026-09-06,9398
2603957954,2026-09-06,10921
2604778880,2026-09-06,36648
2607042792,2026-09-06,19131
2608299248,2026-09-06,18309
2608299476,2026-09-06,33266
2608435724,2026-09-06,14554
2609450219,2026-09-06,9237
2613761945,2026-09-06,6156
2614472081,2026-09-06,25010
2616955720,2026-09-06,12878
2618143990,2026-09-06,20140
2619478648,2026-09-06,15672
2620089636,2026-09-06,24410
2621564981,2026-09-06,11195
2621840890,2026-09-06,22024
2622652746,2026-09-06,65139
2626285356,2026-09-06,35358
2626820802,2026-09-06,10697
2627609414,2026-09-06,20410
2628611107,2026-09-06,12934
2629543194,2026-09-06,20480
2631211703,2026-09-06,43148
2633444661,2026-09-06,49153
2635012115,2026-09-06,21023
2637630330,2026-09-06,12445
2641256974,2026-09-06,78394
2644238920,2026-09-06,13321
2645707091,2026-09-06,59522
2645981075,2026-09-06,16930
2646410054,2026-09-06,27175
2648658105,2026-09-06,72661
2651345333,2026-09-06,12044
2652578379,2026-09-06,25773
2653699311,2026-09-06,16747
2653789292,2026-09-06,21366
2660548454,2026-09-06,140308
2662722782,2026-09-06,9631
2662937312,2026-09-06,21130
2663957444,2026-09-06,11877
2667143039,2026-09-06,55629
2667595705,2026-09-06,14349
2672884318,2026-09-06,16175
2679512490,2026-09-06,12133
2683475897,2026-09-06,13534
2687653241,2026-09-06,14959
2689020223,2026-09-06,17936
2691024387,2026-09-06,56649
2702005349,2026-09-06,15367
2710894758,2026-09-06,16827
2717193796,2026-09-06,45854
2719075597,2026-09-06,56134
2728498280,2026-09-06,14149
2732567565,2026-09-06,11830
2735054420,2026-09-06,37649
2737603165,2026-09-06,39757
2738038455,2026-09-06,46730
2743333016,2026-09-06,16897
2745386732,2026-09-06,11632
2745772420,2026-09-06,7368
2748029219,2026-09-06,137617
2752952962,2026-09-06,7114
2754319969,2026-09-06,26893
2764885229,2026-09-06,6652
2765125322,2026-09-06,14274
2766998502,2026-09-06,29473
2769148429,2026-09-06,12007
2770440127,2026-09-06,35713
2774388842,2026-09-06,19377
2774987343,2026-09-06,17287
2775968897,2026-09-06,78734
2776070504,2026-09-06,36217
2783854571,2026-09-06,17009
2783854641,2026-09-06,28299
2784050534,2026-09-06,6452
2784337730,2026-09-06,10665
2785777242,2026-09-06,12130
2785989313,2026-09-06,22421
2786268200,2026-09-06,19416
2786371128,2026-09-06,26745
2787727603,2026-09-06,14967
2788827517,2026-09-06,13877
2788839315,2026-09-06,7299
2790961377,2026-09-06,9452
2791119024,2026-09-06,50681
2796246549,2026-09-06,6666
2797095333,2026-09-06,52549
2802824108,2026-09-06,11306
2804194007,2026-09-06,13985
2806737895,2026-09-06,11329
2806903835,2026-09-06,31221
2807759164,2026-09-06,51918
2807778592,2026-09-06,45719
2808486613,2026-09-06,23638
2809216375,2026-09-06,30793
2809332037,2026-09-06,40102
2809452753,2026-09-06,15408
2810064268,2026-09-06,26020
2811907627,2026-09-06,36403
2812860898,2026-09-06,168046
2812925242,2026-09-06,56061
2813707242,2026-09-06,11376
2814586266,2026-09-06,74896
2815767345,2026-09-06,23621
2816163133,2026-09-06,12718
2816360131,2026-09-06,20485
2819720352,2026-09-06,59952
2820330517,2026-09-06,24682
2821014992,2026-09-06,16030
2821711162,2026-09-06,15293
2822984099,2026-09-06,22851
2822984175,2026-09-06,22751
2825985873,2026-09-06,38496
2825986399,2026-09-06,27790
2829069506,2026-09-06,46432
2829069669,2026-09-06,33298
2830366252,2026-09-06,48228
2830996776,2026-09-06,34090
2830996883,2026-09-06,20180
2831177989,2026-09-06,25255
2831178263,2026-09-06,22521
2833499231,2026-09-06,10921
2837700978,2026-09-06,32139
2838470527,2026-09-06,8843
2841481791,2026-09-06,28808
2846380330,2026-09-06,11793
2847901464,2026-09-06,14700
2851692297,2026-09-06,11207
2854596966,2026-09-06,11341
2856821840,2026-09-06,20040
2863854446,2026-09-06,10379
2865408972,2026-09-06,28214
2866658484,2026-09-06,12977
2868168109,2026-09-06,11566
2868514243,2026-09-06,11000
2868680633,2026-09-06,11616
2871620925,2026-09-06,21526
2871980758,2026-09-06,23371
2871981062,2026-09-06,20535
2873057249,2026-09-06,19211
2874137992,2026-09-06,37147
2875756339,2026-09-06,15734
2875756695,2026-09-06,14546
2878075116,2026-09-06,26604
2885244355,2026-09-06,35522
2887758432,2026-09-06,8346
2888119865,2026-09-06,47430
2897254807,2026-09-06,32619
2897373654,2026-09-06,24997
2898179957,2026-09-06,14026
2898180179,2026-09-06,13749
2902512011,2026-09-06,30314
2907769573,2026-09-06,13865
2909582424,2026-09-06,23690
2909902624,2026-09-06,19541
2914220019,2026-09-06,21969
2916082557,2026-09-06,12488
2916982793,2026-09-06,14937
2919428234,2026-09-06,21250
2919921364,2026-09-06,12423
2930369811,2026-09-06,15764
2930813098,2026-09-06,11110
2932557948,2026-09-06,11127
2932808239,2026-09-06,12692
2934387908,2026-09-06,15865
2935276961,2026-09-06,13114
2938897848,2026-09-06,12406
2941031061,2026-09-06,25145
2942679675,2026-09-06,24936
2945629971,2026-09-06,15507
2945942583,2026-09-06,12504
2946000546,2026-09-06,36406
2948301103,2026-09-06,91303
2950661639,2026-09-06,20408
2951466817,2026-09-06,22614
2951652477,2026-09-06,27495
2953073033,2026-09-06,13520
2954963007,2026-09-06,21325
2955341502,2026-09-06,21194
2956750257,2026-09-06,24703
2956750503,2026-09-06,35828
2958421797,2026-09-06,23384
2958422000,2026-09-06,14876
2960317218,2026-09-06,22566
2960574667,2026-09-06,24056
2972849902,2026-09-06,11695
2976235256,2026-09-06,12669
2976454692,2026-09-06,61417
2976527288,2026-09-06,114793
2976573664,2026-09-06,28234
2979089967,2026-09-06,14774
2980154280,2026-09-06,12938
2982710154,2026-09-06,22057
2990642419,2026-09-06,46147
2994821528,2026-09-06,45597
2997295407,2026-09-06,30667
2997774670,2026-09-06,15373
3002188516,2026-09-06,126475
3003219188,2026-09-06,22067
3005307317,2026-09-06,16384
3010528164,2026-09-06,18591
3011811483,2026-09-06,15009
3022132203,2026-09-06,16063
3032768344,2026-09-06,43227
3039370479,2026-09-06,25113
3051471269,2026-09-06,18201
3062038863,2026-09-06,51924
3065245398,2026-09-06,22276
3067902147,2026-09-06,64188
3079374348,2026-09-06,50873
3081699910,2026-09-06,14662
3082164342,2026-09-06,60845
3086143878,2026-09-06,154825
3086154149,2026-09-06,88464
3090328185,2026-09-06,79140
3094458137,2026-09-06,17601
3099975582,2026-09-06,43908
3103861276,2026-09-06,16175
3108330591,2026-09-06,22495
3109481596,2026-09-06,15475
3110808560,2026-09-06,18282
3142294658,2026-09-06,66859
3153706012,2026-09-06,110100
3163759042,2026-09-06,20209
3164776901,2026-09-06,21095
3165622182,2026-09-06,14297
3170396896,2026-09-06,20875
3172780032,2026-09-06,18697
3173205208,2026-09-06,20156
3173239930,2026-09-06,66035
3173319652,2026-09-06,27032
3181487775,2026-09-06,46545
3182759042,2026-09-06,19838
3193493385,2026-09-06,16531
3193699928,2026-09-06,32899
3195070547,2026-09-06,39057
3213623064,2026-09-06,12628
3241119393,2026-09-06,90631
3241734509,2026-09-06,16637
3243319558,2026-09-06,39431
3243432906,2026-09-06,26894
3243731913,2026-09-06,29900
3245080043,2026-09-06,33237
3245570160,2026-09-06,22092
3248725702,2026-09-06,24042
3250900527,2026-09-06,35999
3251543091,2026-09-06,12663
3275068730,2026-09-06,18255
3278963965,2026-09-06,20120
3291336822,2026-09-06,14750
3292155860,2026-09-06,14167
3301557224,2026-09-06,26354
3330088804,2026-09-06,42918
3339549399,2026-09-06,32107
3343044098,2026-09-06,16213
3344489699,2026-09-06,23255
3359568450,2026-09-06,55512
3361978004,2026-09-06,27398
3361979100,2026-09-06,25410
3365265900,2026-09-06,15123
3370060302,2026-09-06,23542
3372023877,2026-09-06,18046
3378829098,2026-09-06,18655
3385530791,2026-09-06,29712
3387068412,2026-09-06,28668
3388569976,2026-09-06,15116
3393221268,2026-09-06,18031
3393552523,2026-09-06,35379
3405506592,2026-09-06,34019
3430241523,2026-09-06,17857
3451188081,2026-09-06,27325
3472727778,2026-09-06,18265
3478208799,2026-09-06,18199
3481775336,2026-09-06,41783
3482538734,2026-09-06,44666
3482693757,2026-09-06,35549
3483853399,2026-09-06,18768
3486033112,2026-09-06,14724
3486985238,2026-09-06,18926
3491116708,2026-09-06,39201
3496262792,2026-09-06,25714
3532904115,2026-09-06,28781
3538765396,2026-09-06,36692
3556222090,2026-09-06,28209
3575236236,2026-09-06,49574
3576125834,2026-09-06,31279
3607472385,2026-09-06,23039
3701747681,2026-09-06,22182
3723865830,2026-09-06,27911
681481647,2026-09-06,12608
681483874,2026-09-06,25108
681489287,2026-09-06,16609
681553348,2026-09-06,21276
681576508,2026-09-06,118992
681684405,2026-09-06,8783
681699672,2026-09-06,8002
681787759,2026-09-06,19055
681802702,2026-09-06,20023
681803404,2026-09-06,63720
681816257,2026-09-06,25407
681987087,2026-09-06,9006
682090850,2026-09-06,130485
682165224,2026-09-06,102403
682190594,2026-09-06,13468
682272091,2026-09-06,6262
682286863,2026-09-06,5729
682336292,2026-09-06,12752
682691478,2026-09-06,80187
682776251,2026-09-06,41681
682851228,2026-09-06,45145
682914421,2026-09-06,5909
683096962,2026-09-06,8296
683121431,2026-09-06,14720
683175110,2026-09-06,17881
683230077,2026-09-06,411957
683277624,2026-09-06,5056
683328031,2026-09-06,12432
683409704,2026-09-06,74233
683412153,2026-09-06,5687
683594024,2026-09-06,20360
683756022,2026-09-06,6090
684384680,2026-09-06,11183
684454645,2026-09-06,18488
684509615,2026-09-06,288921
685413774,2026-09-06,47792
686276531,2026-09-06,44458
686666244,2026-09-06,24615
686764629,2026-09-06,12465
686768193,2026-09-06,29266
687037851,2026-09-06,96877
687226658,2026-09-06,65522
687822601,2026-09-06,6944
687882799,2026-09-06,9485
688086068,2026-09-06,134779
688576380,2026-09-06,11792
689601294,2026-09-06,12470
689858852,2026-09-06,6727
690350384,2026-09-06,29286
690969389,2026-09-06,9155
691008512,2026-09-06,29183
692028161,2026-09-06,119720
692253918,2026-09-06,16052
692492543,2026-09-06,71897
693402022,2026-09-06,27320
693447055,2026-09-06,53098
694492075,2026-09-06,4168
695288963,2026-09-06,12907
696649459,2026-09-06,10129
696905076,2026-09-06,10770
697938908,2026-09-06,287669
701432146,2026-09-06,60691
701739734,2026-09-06,51041
702164152,2026-09-06,5757
703156866,2026-09-06,64769
707297106,2026-09-06,13881
707415339,2026-09-06,5297
708669421,2026-09-06,12999
708752579,2026-09-06,5734
710345134,2026-09-06,13816
711413459,2026-09-06,9374
711825958,2026-09-06,15785
717060367,2026-09-06,16990
717220943,2026-09-06,9514
717498014,2026-09-06,6020
718529178,2026-09-06,10557
718918906,2026-09-06,7237
719712462,2026-09-06,8143
719802418,2026-09-06,6410
720237457,2026-09-06,84495
721416416,2026-09-06,14308
723219794,2026-09-06,16340
725596168,2026-09-06,16604
727000451,2026-09-06,386996
728648312,2026-09-06,5234
731621473,2026-09-06,12674
733386004,2026-09-06,4404
734129025,2026-09-06,59560
734362182,2026-09-06,37270
734843885,2026-09-06,7104
739477966,2026-09-06,16031
741194923,2026-09-06,63998
741930256,2026-09-06,81249
750263062,2026-09-06,32980
751394361,2026-09-06,97744
760594284,2026-09-06,11503
765938943,2026-09-06,66884
768131386,2026-09-06,34612
771132431,2026-09-06,5603
774130053,2026-09-06,14914
775122094,2026-09-06,19736
775944333,2026-09-06,61947
776095610,2026-09-06,12079
779729987,2026-09-06,5269
780559390,2026-09-06,4293
784249404,2026-09-06,16160
784471286,2026-09-06,11273
785299768,2026-09-06,31259
786691625,2026-09-06,5256
787237639,2026-09-06,4419
789959744,2026-09-06,5998
790903721,2026-09-06,48555
791049007,2026-09-06,29522
792538274,2026-09-06,5827
792636965,2026-09-06,41797
794155473,2026-09-06,8177
794390514,2026-09-06,5140
796045259,2026-09-06,4433
796529957,2026-09-06,47371
796547578,2026-09-06,11011
798492527,2026-09-06,8653
798679745,2026-09-06,8367
799999383,2026-09-06,12617
803452214,2026-09-06,4940
803491311,2026-09-06,8987
803553012,2026-09-06,5080
803681792,2026-09-06,18252
804293993,2026-09-06,27633
804732593,2026-09-06,9789
804946681,2026-09-06,5620
810204739,2026-09-06,46330
810929902,2026-09-06,8386
811274428,2026-09-06,4636
814211685,2026-09-06,5434
814332008,2026-09-06,36974
814854383,2026-09-06,12075
815380349,2026-09-06,11644
819007550,2026-09-06,45856
819100775,2026-09-06,12916
819148835,2026-09-06,507697
822305739,2026-09-06,18650
825050563,2026-09-06,24949
828731704,2026-09-06,90357
830391521,2026-09-06,23775
840482374,2026-09-06,34481
844630489,2026-09-06,40501
850142603,2026-09-06,14179
850721710,2026-09-06,22483
850823920,2026-09-06,7850
852005580,2026-09-06,12461
855097786,2026-09-06,29668
861800679,2026-09-06,10612
864541681,2026-09-06,28679
865040033,2026-09-06,272272
865869495,2026-09-06,3541
868965217,2026-09-06,6015
872596925,2026-09-06,14636
873063455,2026-09-06,12493
876504304,2026-09-06,17239
878598475,2026-09-06,24899
881118424,2026-09-06,9796
885800185,2026-09-06,6470
886734961,2026-09-06,9385
899611868,2026-09-06,5547
899653076,2026-09-06,20207
899795759,2026-09-06,12146
899929086,2026-09-06,19017
900079667,2026-09-06,8398
900785559,2026-09-06,6119
901022971,2026-09-06,10787
901039859,2026-09-06,13763
901614896,2026-09-06,21326
901988941,2026-09-06,6480
902204150,2026-09-06,9314
902204956,2026-09-06,147464
902487845,2026-09-06,8618
902526212,2026-09-06,18808
902696548,2026-09-06,6235
902701397,2026-09-06,7495
903007094,2026-09-06,20139
904956708,2026-09-06,45094
905176884,2026-09-06,7819
905434289,2026-09-06,5306
906953618,2026-09-06,16458
908639878,2026-09-06,27168
909268717,2026-09-06,15018
909670231,2026-09-06,19934
910355834,2026-09-06,9070
910576007,2026-09-06,10935
910751973,2026-09-06,27100
914872677,2026-09-06,10205
915432220,2026-09-06,56985
917206871,2026-09-06,7798
917618322,2026-09-06,5239
922791015,2026-09-06,7639
922893821,2026-09-06,16604
924990631,2026-09-06,100997
925473841,2026-09-06,15221
929140455,2026-09-06,5697
932208450,2026-09-06,5998
932345488,2026-09-06,7766
932869910,2026-09-06,6361
937289339,2026-09-06,437311
939602477,2026-09-06,9849
943263656,2026-09-06,9661
945999514,2026-09-06,8998
946222466,2026-09-06,141876
948359179,2026-09-06,7329
948431670,2026-09-06,10059
948883955,2026-09-06,27878
952438221,2026-09-06,7386
953888861,2026-09-06,16614
954173598,2026-09-06,4107
972423198,2026-09-06,6266
